Player,Home CF%,Away CF%,Total CF%,Fudges
AARON EKBLAD,0.5778546712802768,0.5204460966542751,0.5501792114695341,None
AARON NESS,0.47058823529411764,0.782608695652174,0.65,None
ADAM CLENDENING,0.5104166666666666,0.3950617283950617,0.4576271186440678,None
ADAM CRACKNELL,0.5333333333333333,0.40601503759398494,0.46218487394957986,None
ADAM HENRIQUE,0.4691358024691358,0.431438127090301,0.4483394833948339,None
ADAM LARSSON,0.3875968992248062,0.33724340175953077,0.3589315525876461,None
ADAM LOWRY,0.4152046783625731,0.4476744186046512,0.4314868804664723,None
ADAM MCQUAID,0.44541484716157204,0.43386243386243384,0.44019138755980863,None
ADAM PARDY,0.40540540540540543,0.5357142857142857,0.49586776859504134,None
ADAM PELECH,0.4358974358974359,0.42857142857142855,0.4339622641509434,None
ALAN QUINE,0.6666666666666666,0.5,0.6630434782608696,Away
ALEC MARTINEZ,0.5375,0.5,0.51875,None
ALEKSANDER BARKOV,0.5806451612903226,0.4841628959276018,0.5282555282555282,None
ALES HEMSKY,0.6129032258064516,0.5967741935483871,0.6054590570719603,None
ALEX BIEGA,0.41509433962264153,0.4413793103448276,0.4276315789473684,None
ALEX CHIASSON,0.43333333333333335,0.44508670520231214,0.43909348441926344,None
ALEX FRIESEN,0.6666666666666666,0.5,0.6612903225806451,Away
ALEX GALCHENYUK,0.59765625,0.5868725868725869,0.5922330097087378,None
ALEX GOLIGOSKI,0.5261780104712042,0.5435356200527705,0.5348226018396847,None
ALEX GRANT,0.5,0.5,0.5,None
ALEX KHOKHLACHEV,0.7,0.6,0.6666666666666666,None
ALEX KILLORN,0.6007905138339921,0.525691699604743,0.5632411067193676,None
ALEX OVECHKIN,0.6258064516129033,0.6456043956043956,0.6364985163204748,None
ALEX PETROVIC,0.5151515151515151,0.42786069651741293,0.4672131147540984,None
ALEX PIETRANGELO,0.43769968051118213,0.478494623655914,0.45985401459854014,None
ALEX TANGUAY,0.5085470085470085,0.46798029556650245,0.4897025171624714,None
ALEXANDER BURMISTROV,0.42543859649122806,0.46634615384615385,0.44495412844036697,None
ALEXANDER EDLER,0.5561224489795918,0.4517374517374517,0.4967032967032967,None
ALEXANDER SEMIN,0.5666666666666667,0.5,0.527027027027027,None
ALEXANDER STEEN,0.5137254901960784,0.502262443438914,0.5084033613445378,None
ALEXANDER WENNBERG,0.5420560747663551,0.5285714285714286,0.535377358490566,None
ALEXANDRE BURROWS,0.4824561403508772,0.4798206278026906,0.4811529933481153,None
ALEXANDRE GRENIER,0.1111111111111111,0.6428571428571429,0.43478260869565216,None
ALEXEI EMELIN,0.46037735849056605,0.44876325088339225,0.4543795620437956,None
ALEXEY MARCHENKO,0.4550561797752809,0.4114285714285714,0.43342776203966005,None
ANDERS LEE,0.5370370370370371,0.5092592592592593,0.5231481481481481,None
ANDRE BENOIT,0.2,0.3333333333333333,0.2857142857142857,None
ANDRE BURAKOVSKY,0.6190476190476191,0.519774011299435,0.5736434108527132,None
ANDREAS ATHANASIOU,0.3888888888888889,0.5666666666666667,0.4824561403508772,None
ANDREAS MARTINSEN,0.42,0.4111111111111111,0.41578947368421054,None
ANDREI MARKOV,0.5289855072463768,0.546448087431694,0.5371794871794872,None
ANDREJ NESTRASIL,0.6233766233766234,0.6397058823529411,0.6310344827586207,None
ANDREJ SEKERA,0.5386904761904762,0.5261538461538462,0.5325264750378215,None
ANDREJ SUSTR,0.48695652173913045,0.42735042735042733,0.45689655172413796,None
ANDREW AGOZZINO,0.5789473684210527,0.6666666666666666,0.6176470588235294,None
ANDREW BODNARCHUK,0.38271604938271603,0.35802469135802467,0.37037037037037035,None
ANDREW CAMPBELL,0.4375,0.5,0.45454545454545453,None
ANDREW COGLIANO,0.45934959349593496,0.4810810810810811,0.46867749419953597,None
ANDREW COPP,0.4444444444444444,0.42857142857142855,0.4372093023255814,None
ANDREW DESJARDINS,0.40594059405940597,0.4240506329113924,0.41388888888888886,None
ANDREW FERENCE,0.4090909090909091,0.4166666666666667,0.4117647058823529,None
ANDREW LADD,0.5177865612648221,0.5916030534351145,0.5553398058252427,None
ANDREW MACDONALD,0.5454545454545454,0.3669724770642202,0.45662100456621,None
ANDREW MILLER,0.6666666666666666,0.6666666666666666,0.6666666666666666,None
ANDREW SHAW,0.5887850467289719,0.5497382198952879,0.5703703703703704,None
ANDREY PEDAN,0.4,0.5,0.44642857142857145,None
ANDY ANDREOFF,0.5679012345679012,0.5,0.5263157894736842,None
ANDY GREENE,0.4008438818565401,0.344311377245509,0.36777583187390545,None
ANTHONY BITETTO,0.4782608695652174,0.36363636363636365,0.4274193548387097,None
ANTHONY DUCLAIR,0.5913461538461539,0.4811320754716981,0.5357142857142857,None
ANTHONY MANTHA,0.5,0.6428571428571429,0.5769230769230769,None
ANTHONY PELUSO,0.6216216216216216,0.38461538461538464,0.5238095238095238,None
ANTOINE ROUSSEL,0.5107296137339056,0.4334763948497854,0.4721030042918455,None
ANTOINE VERMETTE,0.5547445255474452,0.46919431279620855,0.5175257731958763,None
ANTON LANDER,0.48091603053435117,0.391304347826087,0.4315068493150685,None
ANTON SLEPYSHEV,0.5,0.45,0.47058823529411764,None
ANTON STRALMAN,0.541958041958042,0.4913494809688581,0.5165217391304348,None
ANZE KOPITAR,0.6006191950464397,0.5929203539823009,0.5966767371601208,None
ARTEM ANISIMOV,0.5737051792828686,0.44047619047619047,0.5069582504970179,None
ARTEMI PANARIN,0.6174242424242424,0.5519713261648745,0.583793738489871,None
AUSTIN WATSON,0.4367816091954023,0.3888888888888889,0.4124293785310734,None
BARCLAY GOODROW,0.34782608695652173,0.48148148148148145,0.42,None
BARRET JACKMAN,0.5647668393782384,0.5195530726256983,0.543010752688172,None
BEAU BENNETT,0.5081967213114754,0.5581395348837209,0.5374149659863946,None
BEN CHIAROT,0.49142857142857144,0.46153846153846156,0.47674418604651164,None
BEN HARPUR,0.5454545454545454,0.5714285714285714,0.56,None
BEN HUTTON,0.5037593984962406,0.498220640569395,0.5009140767824497,None
BEN LOVEJOY,0.44782608695652176,0.4835680751173709,0.4650112866817156,None
BEN SMITH,0.43333333333333335,0.391304347826087,0.41509433962264153,None
BEN STREET,0.8,0.5294117647058824,0.5909090909090909,None
BENOIT POULIOT,0.6104651162790697,0.5035971223021583,0.5627009646302251,None
BLAKE COMEAU,0.47717842323651455,0.48014440433212996,0.47876447876447875,None
BLAKE PIETILA,0.25,0.375,0.34375,None
BLAKE WHEELER,0.5657492354740061,0.5699300699300699,0.567699836867863,None
BO HORVAT,0.3824884792626728,0.42391304347826086,0.4056795131845842,None
BOBBY FARNHAM,0.4647887323943662,0.35802469135802467,0.40789473684210525,None
BOBBY RYAN,0.5232558139534884,0.47161572052401746,0.4989733059548255,None
BOONE JENNER,0.5052264808362369,0.532520325203252,0.5178236397748592,None
BORNA RENDULIC,0.3,0.5,0.303921568627451,Away
BOYD GORDON,0.35658914728682173,0.38461538461538464,0.3699186991869919,None
BRACKEN KEARNS,0.625,0.5,0.6219512195121951,Away
BRAD BOYES,0.6984126984126984,0.6708860759493671,0.6830985915492958,None
BRAD HUNT,0.5172413793103449,0.25,0.48484848484848486,None
BRAD MALONE,0.46153846153846156,0.47619047619047616,0.4691358024691358,None
BRAD MARCHAND,0.5401929260450161,0.4983277591973244,0.519672131147541,None
BRAD RICHARDS,0.6445783132530121,0.6119402985074627,0.6267029972752044,None
BRAD RICHARDSON,0.4222222222222222,0.3952380952380952,0.4091954022988506,None
BRAD STUART,0.6,0.3333333333333333,0.5,None
BRADY SKJEI,0.35294117647058826,0.5384615384615384,0.40425531914893614,None
BRANDON BOLLIG,0.3958333333333333,0.4158415841584158,0.40609137055837563,None
BRANDON DAVIDSON,0.4367816091954023,0.49710982658959535,0.4668587896253602,None
BRANDON DUBINSKY,0.5018450184501845,0.49049429657794674,0.49625468164794007,None
BRANDON GORMLEY,0.3191489361702128,0.49230769230769234,0.41964285714285715,None
BRANDON MANNING,0.48,0.49324324324324326,0.48563218390804597,None
BRANDON MASHINTER,0.38095238095238093,0.5357142857142857,0.453781512605042,None
BRANDON PIRRI,0.5741935483870968,0.49404761904761907,0.5325077399380805,None
BRANDON PRUST,0.4318181818181818,0.323943661971831,0.3836477987421384,None
BRANDON SAAD,0.5805243445692884,0.5714285714285714,0.5760456273764258,None
BRANDON SUTTER,0.5588235294117647,0.4305555555555556,0.4928571428571429,None
BRANDON TANEV,0.5,0.42105263157894735,0.421875,Home
BRAYDEN MCNABB,0.5618374558303887,0.49454545454545457,0.5286738351254481,None
BRAYDEN SCHENN,0.6095890410958904,0.5384615384615384,0.5769944341372912,None
BRAYDON COBURN,0.4624505928853755,0.4110169491525424,0.4376278118609407,None
BRENDAN GALLAGHER,0.6242038216560509,0.6609195402298851,0.6435045317220544,None
BRENDAN GAUNCE,0.4117647058823529,0.3870967741935484,0.3958333333333333,None
BRENDAN LEIPSIC,0.4482758620689655,0.7692307692307693,0.5476190476190477,None
BRENDAN SMITH,0.5463917525773195,0.5340909090909091,0.5405405405405406,None
BRENDAN WOODS,0.6,0.5,0.5555555555555556,None
BRENDEN DILLON,0.4649122807017544,0.4590909090909091,0.46205357142857145,None
BRENT BURNS,0.5787037037037037,0.5661764705882353,0.5726190476190476,None
BRENT REGNER,0.5,0.6666666666666666,0.5517241379310345,None
BRENT SEABROOK,0.49318801089918257,0.5343283582089552,0.5128205128205128,None
BRETT BULMER,0.02439024390243903,0.16666666666666666,0.10891089108910892,Home
BRETT CONNOLLY,0.531578947368421,0.4858757062146893,0.5095367847411444,None
BRETT KULAK,0.6666666666666666,0.5263157894736842,0.5882352941176471,None
BRETT LERNOUT,0.5,0.16666666666666666,0.1774193548387097,Home
BRETT PESCE,0.5357142857142857,0.49537037037037035,0.5170940170940171,None
BRETT RITCHIE,0.5263157894736842,0.6666666666666666,0.5806451612903226,None
BRIAN BOYLE,0.5123456790123457,0.44324324324324327,0.4755043227665706,None
BRIAN CAMPBELL,0.5785714285714286,0.533724340175953,0.5539452495974235,None
BRIAN DUMOULIN,0.49606299212598426,0.5461538461538461,0.5214007782101168,None
BRIAN FLYNN,0.44,0.3793103448275862,0.4107883817427386,None
BRIAN GIONTA,0.4831932773109244,0.4767025089605735,0.4796905222437137,None
BRIAN O'NEILL,0.5,0.4375,0.4605263157894737,None
BRIAN STRAIT,0.4765625,0.41007194244604317,0.4419475655430712,None
BROCK MCGINN,0.5161290322580645,0.3488372093023256,0.4189189189189189,None
BROCK NELSON,0.5659574468085107,0.47572815533980584,0.5238095238095238,None
BRODY SUTTER,0.25,0.29411764705882354,0.28,None
BROOKS LAICH,0.4973821989528796,0.41304347826086957,0.46200607902735563,None
BROOKS ORPIK,0.4397905759162304,0.525,0.47863247863247865,None
BRYAN BICKELL,0.5714285714285714,0.65625,0.6022727272727273,None
BRYAN LERG,0.25,0.3333333333333333,0.26666666666666666,None
BRYAN LITTLE,0.56,0.5373831775700935,0.5483091787439613,None
BRYAN RUST,0.5,0.4691358024691358,0.4840764331210191,None
BUD HOLLOWAY,0.5,0.09090909090909091,0.15384615384615385,Both
BUDDY ROBINSON,0.5,0.4,0.45454545454545453,None
BYRON FROESE,0.4358974358974359,0.46774193548387094,0.45228215767634855,None
CAL CLUTTERBUCK,0.44936708860759494,0.31543624161073824,0.38436482084690554,None
CAL O'REILLY,0.62,0.4411764705882353,0.5476190476190477,None
CALLE JARNKROK,0.4767932489451477,0.5180180180180181,0.49673202614379086,None
CALVIN DE HAAN,0.5017921146953405,0.42857142857142855,0.46557971014492755,None
CAM ATKINSON,0.4691780821917808,0.5400696864111498,0.5043177892918825,None
CAM FOWLER,0.5661016949152542,0.5197368421052632,0.5425709515859767,None
CARL GUNNARSSON,0.5125,0.39111111111111113,0.44155844155844154,None
CARL HAGELIN,0.5897435897435898,0.4744897959183674,0.5372093023255814,None
CARL SODERBERG,0.46996466431095407,0.45454545454545453,0.46236559139784944,None
CARLO COLAIACOVO,0.4772727272727273,0.5164835164835165,0.4972067039106145,None
CASEY CIZIKAS,0.4176470588235294,0.35294117647058826,0.38375350140056025,None
CASEY NELSON,0.7142857142857143,0.631578947368421,0.6538461538461539,None
CEDRIC PAQUETTE,0.44776119402985076,0.3524590163934426,0.40234375,None
CHAD RUHWEDEL,0.6,0.5,0.5961538461538463,Away
CHANDLER STEPHENSON,0.8,0.4444444444444444,0.631578947368421,None
CHARLES HUDON,0.6,0.75,0.6428571428571429,None
CHARLIE COYLE,0.5785123966942148,0.4581673306772908,0.5172413793103449,None
CHASE DE LEO,0.5,0.5,0.5,Away
CHRIS BIGRAS,0.275,0.48333333333333334,0.36428571428571427,None
CHRIS BROWN,0.5,0.6,0.5961538461538461,Home
CHRIS BUTLER,0.3333333333333333,0.75,0.4,None
CHRIS HIGGINS,0.40298507462686567,0.5308641975308642,0.47297297297297297,None
CHRIS KELLY,0.38461538461538464,0.30434782608695654,0.3469387755102041,None
CHRIS KREIDER,0.5662650602409639,0.5478927203065134,0.5568627450980392,None
CHRIS KUNITZ,0.6174496644295302,0.5914396887159533,0.6054054054054054,None
CHRIS NEIL,0.46846846846846846,0.5172413793103449,0.49609375,None
CHRIS PORTER,0.42045454545454547,0.32323232323232326,0.3689839572192513,None
CHRIS STEWART,0.55,0.43157894736842106,0.502127659574468,None
CHRIS SUMMERS,0.35714285714285715,0.6,0.42105263157894735,None
CHRIS TERRY,0.5539568345323741,0.4959349593495935,0.5267175572519084,None
CHRIS THORBURN,0.4863013698630137,0.41605839416058393,0.45229681978798586,None
CHRIS TIERNEY,0.44508670520231214,0.43243243243243246,0.43854748603351956,None
CHRIS VANDEVELDE,0.44711538461538464,0.3442622950819672,0.3989769820971867,None
CHRIS WAGNER,0.36764705882352944,0.44155844155844154,0.4068965517241379,None
CHRIS WIDEMAN,0.5174418604651163,0.41975308641975306,0.47005988023952094,None
CHRISTIAN EHRHOFF,0.5979381443298969,0.5231788079470199,0.5524193548387096,None
CHRISTIAN FOLIN,0.40298507462686567,0.41333333333333333,0.4084507042253521,None
CHRISTIAN THOMAS,0.7142857142857143,0.5,0.6,None
CHRISTOPH BERTSCHY,0.4,0.019607843137254905,0.20792079207920794,Away
CHRISTOPHER TANEV,0.44635193133047213,0.4375,0.4415841584158416,None
CLARKE MACARTHUR,0.5,0.7777777777777778,0.6923076923076923,None
CLAUDE GIROUX,0.6017699115044248,0.5895765472312704,0.5959752321981424,None
CLAYTON STONER,0.46923076923076923,0.41739130434782606,0.4448979591836735,None
CODY BASS,0.3157894736842105,0.2727272727272727,0.2926829268292683,None
CODY CECI,0.4222222222222222,0.4,0.4114285714285714,None
CODY EAKIN,0.48249027237354086,0.48363636363636364,0.4830827067669173,None
CODY FRANSON,0.5747126436781609,0.5340314136125655,0.5534246575342465,None
CODY GOLOUBEF,0.4700854700854701,0.4306569343065693,0.44881889763779526,None
CODY HODGSON,0.5542168674698795,0.7023809523809523,0.6287425149700598,None
CODY MCLEOD,0.41818181818181815,0.4049079754601227,0.4115853658536585,None
COLE SCHNEIDER,0.3333333333333333,0.5,0.42857142857142855,None
COLIN GREENING,0.5978260869565217,0.6086956521739131,0.6024844720496895,None
COLIN MCDONALD,0.5,0.2,0.25,None
COLIN MILLER,0.56,0.4818181818181818,0.5269230769230769,None
COLIN WILSON,0.576271186440678,0.660377358490566,0.6160714285714286,None
COLTON PARAYKO,0.5737051792828686,0.5150375939849624,0.5435203094777563,None
COLTON SCEVIOUR,0.532608695652174,0.4110429447852761,0.4755043227665706,None
COLTON SISSONS,0.4788732394366197,0.5714285714285714,0.5166666666666667,None
CONNOR BRICKLEY,0.5555555555555556,0.375,0.44776119402985076,None
CONNOR BROWN,0.5833333333333334,0.6153846153846154,0.5945945945945946,None
CONNOR CARRICK,0.5277777777777778,0.6071428571428571,0.55,None
CONNOR MCDAVID,0.5459183673469388,0.5527950310559007,0.5490196078431373,None
CONNOR MURPHY,0.4225352112676056,0.46616541353383456,0.44363636363636366,None
CONOR SHEARY,0.5584415584415584,0.4782608695652174,0.5205479452054794,None
CORBAN KNIGHT,0.38461538461538464,0.2692307692307692,0.3269230769230769,None
COREY PERRY,0.6254545454545455,0.6145454545454545,0.62,None
COREY POTTER,0.5,0.9090909090909091,0.8461538461538461,Both
CRAIG CUNNINGHAM,0.4,0.6666666666666666,0.5142857142857142,None
CRAIG SMITH,0.6413502109704642,0.6153846153846154,0.62882096069869,None
CURTIS LAZAR,0.4620253164556962,0.3235294117647059,0.3839779005524862,None
CURTIS MCKENZIE,0.03225806451612903,0.6666666666666666,0.34426229508196726,Home
DAINIUS ZUBRUS,0.46835443037974683,0.46788990825688076,0.46808510638297873,None
DALE WEISE,0.6114649681528662,0.5895953757225434,0.6,None
DALTON PROUT,0.46107784431137727,0.48633879781420764,0.4742857142857143,None
DAMON SEVERSON,0.572972972972973,0.5065502183406113,0.5362318840579711,None
DAN BOYLE,0.5307017543859649,0.5,0.5142276422764228,None
DAN GIRARDI,0.4083044982698962,0.3180327868852459,0.36195286195286197,None
DAN HAMHUIS,0.4789915966386555,0.475,0.4771689497716895,None
DANIEL CARR,0.574468085106383,0.7169811320754716,0.65,None
DANIEL CATENACCI,0.3125,0.6666666666666666,0.3684210526315789,None
DANIEL PAILLE,0.2962962962962963,0.43333333333333335,0.3684210526315789,None
DANIEL SEDIN,0.6093189964157706,0.54421768707483,0.5759162303664922,None
DANIEL SPRONG,0.25925925925925924,0.4444444444444444,0.36507936507936506,None
DANIEL WINNIK,0.42857142857142855,0.5380710659898477,0.48655913978494625,None
DANNY DEKEYSER,0.46484375,0.41042345276872966,0.4351687388987567,None
DARNELL NURSE,0.43309859154929575,0.427536231884058,0.4303571428571429,None
DARREN DIETZ,0.4634146341463415,0.29411764705882354,0.38666666666666666,None
DARREN HELM,0.5238095238095238,0.47058823529411764,0.4951219512195122,None
DAVE BOLLAND,0.4444444444444444,0.36507936507936506,0.40476190476190477,None
DAVE DZIURZYNSKI,0.23529411764705882,0.2962962962962963,0.2727272727272727,None
DAVID BACKES,0.5145985401459854,0.5274725274725275,0.5210237659963437,None
DAVID CLARKSON,0.42857142857142855,0.3409090909090909,0.379746835443038,None
DAVID DESHARNAIS,0.5989847715736041,0.550561797752809,0.576,None
DAVID JONES,0.45930232558139533,0.42857142857142855,0.4435028248587571,None
DAVID KREJCI,0.5833333333333334,0.5463917525773195,0.5647668393782384,None
DAVID LEGWAND,0.3671875,0.27419354838709675,0.32142857142857145,None
DAVID PASTRNAK,0.4793388429752066,0.4838709677419355,0.48188405797101447,None
DAVID PERRON,0.6421568627450981,0.5240384615384616,0.5825242718446602,None
DAVID RUNDBLAD,0.6,0.5833333333333334,0.5952380952380952,None
DAVID SAVARD,0.4417808219178082,0.5019011406844106,0.4702702702702703,None
DAVID SCHLEMKO,0.5128205128205128,0.48717948717948717,0.4988344988344988,None
DAVID WARSOFSKY,0.5873015873015873,0.6235294117647059,0.6081081081081081,None
DEAN KUKAN,0.5294117647058824,0.6551724137931034,0.6086956521739131,None
DENNIS EVERBERG,0.4117647058823529,0.30952380952380953,0.3389830508474576,None
DENNIS RASMUSSEN,0.5254237288135594,0.5070422535211268,0.5153846153846153,None
DENNIS SEIDENBERG,0.4597156398104265,0.37799043062200954,0.41904761904761906,None
DENNIS WIDEMAN,0.5326633165829145,0.49740932642487046,0.5153061224489796,None
DEREK DORSETT,0.4329268292682927,0.43333333333333335,0.43312101910828027,None
DEREK FORBORT,0.5833333333333334,0.6388888888888888,0.6166666666666667,None
DEREK GRANT,0.42857142857142855,0.3673469387755102,0.38571428571428573,None
DEREK MACKENZIE,0.41935483870967744,0.3,0.36065573770491804,None
DEREK RYAN,0.7272727272727273,0.4,0.5714285714285714,None
DEREK STEPAN,0.540650406504065,0.4789915966386555,0.5103305785123967,None
DERICK BRASSARD,0.558303886925795,0.5112781954887218,0.5355191256830601,None
DERRICK POULIOT,0.5783132530120482,0.425,0.5284552845528455,None
DERYK ENGELLAND,0.4097560975609756,0.4307692307692308,0.42,None
DEVANTE SMITH-PELLY,0.49640287769784175,0.5075757575757576,0.5018450184501845,None
DEVIN SHORE,0.5,0.6,0.5980392156862745,Home
DION PHANEUF,0.5162337662337663,0.5503355704697986,0.533003300330033,None
DMITRIJ JASKIN,0.5555555555555556,0.5454545454545454,0.5497835497835498,None
DMITRY KULIKOV,0.4708333333333333,0.41365461847389556,0.44171779141104295,None
DMITRY ORLOV,0.5893536121673004,0.5708154506437768,0.5806451612903226,None
DOMINIC MOORE,0.2893401015228426,0.39800995024875624,0.3442211055276382,None
DOMINIK SIMON,0.9523809523809523,0.09090909090909091,0.65625,Both
DOUGIE HAMILTON,0.5584415584415584,0.5205047318611987,0.5392,None
DREW DOUGHTY,0.5572139303482587,0.5829493087557603,0.5705741626794258,None
DREW MILLER,0.4126984126984127,0.2987012987012987,0.35,None
DREW SHORE,0.03225806451612903,0.6666666666666666,0.4505494505494505,Home
DREW STAFFORD,0.5487364620938628,0.49537037037037035,0.5253549695740365,None
DUNCAN KEITH,0.5596026490066225,0.4840764331210191,0.5211038961038961,None
DUSTIN BROWN,0.548936170212766,0.5720164609053497,0.5606694560669456,None
DUSTIN BYFUGLIEN,0.5512820512820513,0.5780346820809249,0.563858695652174,None
DUSTIN JEFFREY,0.4444444444444444,0.4117647058823529,0.4230769230769231,None
DWIGHT KING,0.5042735042735043,0.49193548387096775,0.4979253112033195,None
DYLAN DEMELO,0.5212765957446809,0.5428571428571428,0.5326633165829145,None
DYLAN LARKIN,0.6304347826086957,0.5067264573991032,0.5695364238410596,None
DYLAN MCILRATH,0.44660194174757284,0.5681818181818182,0.5026178010471204,None
DYLAN OLSEN,0.03225806451612903,0.5862068965517241,0.5327102803738318,Home
ELIAS LINDHOLM,0.622895622895623,0.5598455598455598,0.5935251798561151,None
EMERSON ETEM,0.4896551724137931,0.4142857142857143,0.45263157894736844,None
EMILE POIRIER,0.5,0.5555555555555556,0.5543478260869565,Home
ERIC BOULTON,0.25,0.5,0.4375,None
ERIC FEHR,0.4406779661016949,0.45132743362831856,0.4458874458874459,None
ERIC GELINAS,0.5694444444444444,0.5303030303030303,0.5441176470588235,None
ERIC GRYBA,0.42857142857142855,0.4010989010989011,0.4142857142857143,None
ERIC NYSTROM,0.4819277108433735,0.32926829268292684,0.40606060606060607,None
ERIC SELLECK,0.5,0.5,0.5,Home
ERIC STAAL,0.6758409785932722,0.5658914728682171,0.6273504273504273,None
ERIC TANGRADI,0.5,0.9677419354838709,0.9393939393939393,Both
ERIK CONDRA,0.5094339622641509,0.4948453608247423,0.5024630541871922,None
ERIK GUDBRANSON,0.37037037037037035,0.40969162995594716,0.3918269230769231,None
ERIK GUSTAFSSON,0.5573770491803278,0.5929203539823009,0.574468085106383,None
ERIK HAULA,0.4228187919463087,0.4074074074074074,0.41479099678456594,None
ERIK JOHNSON,0.46686746987951805,0.4147058823529412,0.44047619047619047,None
ERIK KARLSSON,0.5466666666666666,0.5085158150851582,0.5284552845528455,None
ESA LINDELL,0.43478260869565216,0.16666666666666666,0.3793103448275862,None
EVAN RODRIGUES,0.4,0.5,0.45454545454545453,None
EVANDER KANE,0.5735849056603773,0.5606060606060606,0.5671077504725898,None
EVGENI MALKIN,0.6200873362445415,0.6078431372549019,0.6143187066974596,None
EVGENY KUZNETSOV,0.6220735785953178,0.5857142857142857,0.6044905008635578,None
EVGENY MEDVEDEV,0.5227272727272727,0.4675324675324675,0.493006993006993,None
FEDOR TYUTIN,0.48598130841121495,0.49404761904761907,0.4895287958115183,None
FILIP FORSBERG,0.578397212543554,0.5036764705882353,0.5420393559928444,None
FRANCOIS BEAUCHEMIN,0.4256926952141058,0.4037940379403794,0.4151436031331593,None
FRANK CORRADO,0.5047619047619047,0.5514018691588785,0.5283018867924528,None
FRANK VATRANO,0.5542168674698795,0.5125,0.5337423312883436,None
FRANS NIELSEN,0.5808823529411765,0.4982078853046595,0.5390199637023594,None
FREDDIE HAMILTON,0.38461538461538464,0.6666666666666666,0.4375,None
FREDERIK GAUTHIER,0.21052631578947367,0.3333333333333333,0.25,None
FREDRIK CLAESSON,0.45,0.4090909090909091,0.42452830188679247,None
GABRIEL BOURQUE,0.3055555555555556,0.43636363636363634,0.38461538461538464,None
GABRIEL LANDESKOG,0.4795539033457249,0.516260162601626,0.4970873786407767,None
GARNET HATHAWAY,0.4827586206896552,0.4,0.4375,None
GARRETT WILSON,0.5172413793103449,0.5283018867924528,0.524390243902439,None
GREG MCKEGG,0.7272727272727273,0.5,0.5581395348837209,None
GREG PATERYN,0.5392156862745098,0.4230769230769231,0.48058252427184467,None
GREGORY CAMPBELL,0.3395061728395062,0.3684210526315789,0.3535031847133758,None
GRIFFIN REINHART,0.4215686274509804,0.35,0.38613861386138615,None
GUSTAV NYQUIST,0.6377551020408163,0.6084905660377359,0.6225490196078431,None
GUSTAV OLOFSSON,0.6666666666666666,0.6,0.625,None
HAMPUS LINDHOLM,0.5863095238095238,0.525679758308157,0.5562218890554723,None
HARRY ZOLNIERCZYK,0.5,0.5,0.5,Home
HENRIK SEDIN,0.6072727272727273,0.5396825396825397,0.5749525616698292,None
HENRIK ZETTERBERG,0.5945945945945946,0.5523465703971119,0.5727611940298507,None
HUDSON FASCHING,0.9803921568627452,0.38095238095238093,0.49808429118773945,Home
HUNTER SHINKARUK,0.5,0.46153846153846156,0.4782608695652174,None
IAN COLE,0.4429223744292237,0.3780487804878049,0.40860215053763443,None
IIRO PAKARINEN,0.43333333333333335,0.3953488372093023,0.41365461847389556,None
J.T. BROWN,0.5079365079365079,0.4467005076142132,0.47668393782383417,None
J.T. MILLER,0.5388127853881278,0.5807860262008734,0.5602678571428571,None
JACCOB SLAVIN,0.5397489539748954,0.5223214285714286,0.531317494600432,None
JACK EICHEL,0.5072463768115942,0.5230263157894737,0.5155172413793103,None
JACK JOHNSON,0.44621513944223107,0.4875444839857651,0.4680451127819549,None
JACK SKILLE,0.4297520661157025,0.4172661870503597,0.4230769230769231,None
JACOB DE LA ROSE,0.44680851063829785,0.35,0.40229885057471265,None
JACOB JOSEFSON,0.576,0.563953488372093,0.569023569023569,None
JACOB TROUBA,0.4713375796178344,0.5049833887043189,0.4878048780487805,None
JADEN SCHWARTZ,0.6119402985074627,0.5328947368421053,0.5570776255707762,None
JAKE GARDINER,0.56797583081571,0.5960264900662252,0.5813586097946287,None
JAKE MCCABE,0.48727272727272725,0.4186046511627907,0.4540337711069418,None
JAKE MUZZIN,0.5942857142857143,0.550761421319797,0.571236559139785,None
JAKE VIRTANEN,0.5257731958762887,0.5242718446601942,0.525,None
JAKOB SILFVERBERG,0.5123674911660777,0.5041666666666667,0.5086042065009561,None
JAKUB KINDL,0.5918367346938775,0.525,0.555045871559633,None
JAKUB NAKLADAL,0.5076923076923077,0.5,0.5038759689922481,None
JAKUB VORACEK,0.6457564575645757,0.6507352941176471,0.6482504604051565,None
JAMES NEAL,0.5766423357664233,0.5888888888888889,0.5827205882352942,None
JAMES VAN RIEMSDYK,0.5859375,0.6125,0.6006944444444444,None
JAMES WISNIEWSKI,0.5,0.5,0.5,Both
JAMIE BENN,0.5663716814159292,0.540268456375839,0.554160125588697,None
JAMIE MCBAIN,0.5760869565217391,0.5491803278688525,0.5607476635514018,None
JAMIE MCGINN,0.5242718446601942,0.5658914728682171,0.5474137931034483,None
JAMIE OLEKSIAK,0.4342105263157895,0.5454545454545454,0.45918367346938777,None
JANNIK HANSEN,0.5257142857142857,0.4398148148148148,0.4782608695652174,None
JARED BOLL,0.2894736842105263,0.3125,0.3,None
JARED COWEN,0.4051724137931034,0.3442622950819672,0.3739495798319328,None
JARED MCCANN,0.4489795918367347,0.5263157894736842,0.4882943143812709,None
JARED SPURGEON,0.5049833887043189,0.4444444444444444,0.47538200339558573,None
JAROME IGINLA,0.4959016393442623,0.5204460966542751,0.5087719298245614,None
JAROMIR JAGR,0.5950413223140496,0.5265486725663717,0.561965811965812,None
JARRED TINORDI,0.38461538461538464,0.2413793103448276,0.2857142857142857,None
JARRET STOLL,0.34459459459459457,0.3114754098360656,0.32628398791540786,None
JASON CHIMERA,0.5109170305676856,0.5026178010471204,0.5071428571428571,None
JASON DEMERS,0.4817813765182186,0.5252918287937743,0.503968253968254,None
JASON DICKINSON,0.6,0.5,0.5961538461538463,Away
JASON GARRISON,0.5848214285714286,0.45,0.5150862068965517,None
JASON POMINVILLE,0.5596330275229358,0.5648535564853556,0.562363238512035,None
JASON SPEZZA,0.5567375886524822,0.6129032258064516,0.5830188679245283,None
JASON ZUCKER,0.5193370165745856,0.4943181818181818,0.5070028011204482,None
JAY BEAGLE,0.4407894736842105,0.4928571428571429,0.4657534246575342,None
JAY BOUWMEESTER,0.41762452107279696,0.4420731707317073,0.4312393887945671,None
JAY MCCLEMENT,0.4689655172413793,0.38461538461538464,0.4290909090909091,None
JAYSON MEGNA,0.5384615384615384,0.9859154929577465,0.6073752711496746,Away
JC LIPON,0.5,0.42857142857142855,0.47368421052631576,None
JEAN-GABRIEL PAGEAU,0.47560975609756095,0.39285714285714285,0.43617021276595747,None
JEFF CARTER,0.5767918088737202,0.5430711610486891,0.5607142857142857,None
JEFF PETRY,0.5255102040816326,0.48792270531400966,0.5062034739454094,None
JEFF SCHULTZ,0.3333333333333333,0.5,0.33870967741935487,Away
JEFF SKINNER,0.5807560137457045,0.559322033898305,0.571157495256167,None
JEREMY WELSH,0.42857142857142855,0.5,0.43055555555555564,Away
JESPER FAST,0.43555555555555553,0.4019138755980861,0.41935483870967744,None
JIM O'BRIEN,0.5,0.47058823529411764,0.47368421052631576,None
JIMMY HAYES,0.5300546448087432,0.4972375690607735,0.5137362637362637,None
JIRI HUDLER,0.6145251396648045,0.5274261603375527,0.5649038461538461,None
JIRI SEKAC,0.527027027027027,0.5735294117647058,0.5492957746478874,None
JIRI TLUSTY,0.6521739130434783,0.5757575757575758,0.6071428571428571,None
JOAKIM ANDERSSON,0.3225806451612903,0.38461538461538464,0.3614457831325301,None
JOAKIM NORDSTROM,0.47474747474747475,0.4682080924855491,0.4716981132075472,None
JOE COLBORNE,0.529126213592233,0.483695652173913,0.5076923076923077,None
JOE MORROW,0.4742268041237113,0.45454545454545453,0.46551724137931033,None
JOE PAVELSKI,0.6216216216216216,0.5606557377049181,0.5924764890282131,None
JOE THORNTON,0.6389776357827476,0.6094890510948905,0.6252129471890971,None
JOE VITALE,0.047619047619047616,0.5,0.08695652173913043,Both
JOEL ARMIA,0.5176470588235295,0.5569620253164557,0.5365853658536586,None
JOEL EDMUNDSON,0.4625,0.47342995169082125,0.46866485013623976,None
JOEL HANLEY,0.4166666666666667,0.2857142857142857,0.3684210526315789,None
JOEL VERMIN,0.6363636363636364,0.8,0.6875,None
JOEL WARD,0.5215827338129496,0.5574468085106383,0.5380116959064327,None
JOFFREY LUPUL,0.5172413793103449,0.5878378378378378,0.5568181818181818,None
JOHAN FRANZEN,0.5,0.2,0.2857142857142857,None
JOHAN LARSSON,0.45901639344262296,0.47417840375586856,0.4671717171717172,None
JOHN CARLSON,0.5136986301369864,0.5301204819277109,0.5212569316081331,None
JOHN KLINGBERG,0.597667638483965,0.603448275862069,0.6005788712011577,None
JOHN MCCARTHY,0.047619047619047616,0.5,0.08695652173913043,Both
JOHN MCFARLAND,0.25,0.5,0.25609756097560976,Away
JOHN MITCHELL,0.38613861386138615,0.3582887700534759,0.37275064267352187,None
JOHN MOORE,0.5065502183406113,0.3908450704225352,0.442495126705653,None
JOHN RAMAGE,0.09090909090909091,0.5,0.15384615384615383,Both
JOHN SCOTT,0.5454545454545454,0.5454545454545454,0.5454545454545454,None
JOHN TAVARES,0.5686900958466453,0.5420875420875421,0.5557377049180328,None
JOHN-MICHAEL LILES,0.571875,0.5075187969924813,0.5426621160409556,None
JOHNNY BOYCHUK,0.49407114624505927,0.4280701754385965,0.4591078066914498,None
JOHNNY GAUDREAU,0.6025641025641025,0.5379746835443038,0.5700636942675159,None
JOHNNY ODUYA,0.4444444444444444,0.46075085324232085,0.4524207011686144,None
JON MERRILL,0.4807692307692308,0.4506172839506173,0.462406015037594,None
JONAS BRODIN,0.4444444444444444,0.4098360655737705,0.42572062084257206,None
JONATHAN DROUIN,0.5675675675675675,0.5555555555555556,0.559322033898305,None
JONATHAN ERICSSON,0.4567307692307692,0.390625,0.4202586206896552,None
JONATHAN HUBERDEAU,0.6270491803278688,0.5067264573991032,0.569593147751606,None
JONATHAN MARCHESSAULT,0.7304347826086957,0.5974025974025974,0.6770833333333334,None
JONATHAN TOEWS,0.5656565656565656,0.5186567164179104,0.5433628318584071,None
JOONAS DONSKOI,0.5845410628019324,0.525,0.5552825552825553,None
JOONAS KEMPPAINEN,0.3924050632911392,0.2982456140350877,0.33678756476683935,None
JORDAN CARON,0.3333333333333333,0.3333333333333333,0.3333333333333333,None
JORDAN EBERLE,0.5669291338582677,0.5603448275862069,0.5637860082304527,None
JORDAN MARTINOOK,0.4388888888888889,0.4155251141552511,0.42606516290726815,None
JORDAN NOLAN,0.4852941176470588,0.40869565217391307,0.4371584699453552,None
JORDAN OESTERLE,0.5375,0.4897959183673469,0.5193798449612403,None
JORDAN SCHROEDER,0.5,0.42,0.45,None
JORDAN STAAL,0.568904593639576,0.5984555984555985,0.5830258302583026,None
JORDAN WEAL,0.42105263157894735,0.45454545454545453,0.43902439024390244,None
JORDIE BENN,0.49382716049382713,0.4009009009009009,0.4401041666666667,None
JORDIN TOOTOO,0.5904761904761905,0.48507462686567165,0.5313807531380753,None
JORI LEHTERA,0.5980861244019139,0.5219298245614035,0.5583524027459954,None
JOSEPH BLANDISI,0.44871794871794873,0.5317460317460317,0.5,None
JOSH ANDERSON,0.3225806451612903,0.41935483870967744,0.3709677419354839,None
JOSH ARCHIBALD,0.3333333333333333,0.5,0.34375,Away
JOSH BAILEY,0.5170731707317073,0.48068669527896996,0.4977168949771689,None
JOSH GORGES,0.3895131086142322,0.39144736842105265,0.3905429071803853,None
JOSH JOORIS,0.3448275862068966,0.4621212121212121,0.40725806451612906,None
JOSH LEIVO,0.4634146341463415,0.5625,0.49122807017543857,None
JOSH MANSON,0.4807692307692308,0.5049019607843137,0.49137931034482757,None
JOSHUA MORRISSEY,0.25,0.5,0.261904761904762,Away
JUJHAR KHAIRA,0.5526315789473685,0.4827586206896552,0.5223880597014925,None
JULIAN MELCHIORI,0.3,0.375,0.3409090909090909,None
JUSSI JOKINEN,0.516,0.48412698412698413,0.5,None
JUSTIN ABDELKADER,0.5147679324894515,0.5060240963855421,0.5102880658436214,None
JUSTIN BAILEY,0.5,0.64,0.5945945945945946,None
JUSTIN BRAUN,0.4812286689419795,0.4245614035087719,0.4532871972318339,None
JUSTIN FALK,0.5769230769230769,0.38961038961038963,0.46511627906976744,None
JUSTIN FAULK,0.5640138408304498,0.5205992509363296,0.5431654676258992,None
JUSTIN FONTAINE,0.5517241379310345,0.33613445378151263,0.4425531914893617,None
JUSTIN SCHULTZ,0.5270935960591133,0.49333333333333335,0.5093457943925234,None
JUSTIN WILLIAMS,0.5616438356164384,0.556420233463035,0.5591985428051002,None
JYRKI JOKIPAKKA,0.3967391304347826,0.391025641025641,0.3941176470588235,None
KAEL MOUILLIERAT,0.5,0.047619047619047616,0.08695652173913045,Both
KARL ALZNER,0.47039473684210525,0.4276315789473684,0.44901315789473684,None
KASPERI KAPANEN,0.6285714285714286,0.46153846153846156,0.5833333333333334,None
KEITH YANDLE,0.5714285714285714,0.5700934579439252,0.5707547169811321,None
KENNY AGOSTINO,0.7777777777777778,0.5,0.7717391304347826,Away
KERBY RYCHEL,0.35384615384615387,0.425531914893617,0.38392857142857145,None
KEVAN MILLER,0.4369747899159664,0.4772727272727273,0.4581673306772908,None
KEVIN BIEKSA,0.58125,0.4542124542124542,0.5227655986509275,None
KEVIN CONNAUTON,0.5101214574898786,0.4264705882352941,0.4722838137472284,None
KEVIN FIALA,0.4375,0.45454545454545453,0.4444444444444444,None
KEVIN GRAVEL,0.5,0.6818181818181818,0.6801801801801802,Home
KEVIN HAYES,0.5873015873015873,0.5124378109452736,0.5487179487179488,None
KEVIN KLEIN,0.48175182481751827,0.45081967213114754,0.4671814671814672,None
KEVIN PORTER,0.4166666666666667,0.4090909090909091,0.41358024691358025,None
KEVIN SHATTENKIRK,0.5719063545150501,0.5229007633587787,0.5490196078431373,None
KLAS DAHLBECK,0.3783783783783784,0.39520958083832336,0.38636363636363635,None
KORBINIAN HOLZER,0.463768115942029,0.46511627906976744,0.4645161290322581,None
KRIS LETANG,0.6054590570719603,0.5159574468085106,0.5622593068035944,None
KRIS RUSSELL,0.5214285714285715,0.420863309352518,0.471326164874552,None
KRIS VERSTEEG,0.6547619047619048,0.5959595959595959,0.6288888888888889,None
KURTIS GABRIEL,0.3333333333333333,0.5,0.34375,Away
KYLE BAUN,0.4,0.5,0.42857142857142855,None
KYLE BRODZIAK,0.44545454545454544,0.4603174603174603,0.4533898305084746,None
KYLE CHIPCHURA,0.38016528925619836,0.4409448818897638,0.4112903225806452,None
KYLE CLIFFORD,0.53,0.46153846153846156,0.4973821989528796,None
KYLE OKPOSO,0.6090225563909775,0.5283018867924528,0.568738229755179,None
KYLE PALMIERI,0.48623853211009177,0.5201465201465202,0.505091649694501,None
KYLE QUINCEY,0.4357142857142857,0.42777777777777776,0.43125,None
KYLE RAU,0.4166666666666667,0.5217391304347826,0.4857142857142857,None
KYLE TURRIS,0.5491071428571429,0.5077720207253886,0.5299760191846523,None
LADISLAV SMID,0.45454545454545453,0.44680851063829785,0.45054945054945056,None
LANCE BOUMA,0.3804347826086957,0.32978723404255317,0.3548387096774194,None
LANDON FERRARO,0.4645669291338583,0.47058823529411764,0.46747967479674796,None
LARS ELLER,0.536036036036036,0.47186147186147187,0.5033112582781457,None
LAURENT DAUPHIN,0.42857142857142855,0.5,0.4827586206896552,None
LAURI KORPIKOSKI,0.4175824175824176,0.3795180722891566,0.3994252873563218,None
LEE STEMPNIAK,0.5061224489795918,0.4429065743944637,0.47191011235955055,None
LEO KOMAROV,0.582089552238806,0.5811320754716981,0.5815450643776824,None
LEON DRAISAITL,0.588477366255144,0.5769230769230769,0.5825049701789264,None
LINDEN VEY,0.5833333333333334,0.44660194174757284,0.5263157894736842,None
LOGAN COUTURE,0.5934065934065934,0.5483870967741935,0.5727002967359051,None
LOGAN SHAW,0.5225225225225225,0.5238095238095238,0.5231481481481481,None
LOUI ERIKSSON,0.5961538461538461,0.5835866261398176,0.5897035881435257,None
LUCA SBISA,0.4246575342465753,0.3609022556390977,0.3942652329749104,None
LUCAS LESSIO,0.56,0.625,0.5853658536585366,None
LUKE GAZDIC,0.6666666666666666,0.47619047619047616,0.5454545454545454,None
LUKE GLENDENING,0.3989071038251366,0.3185840707964602,0.3545232273838631,None
LUKE SCHENN,0.5045871559633027,0.41198501872659177,0.4536082474226804,None
LUKE WITKOWSKI,0.6666666666666666,0.5,0.6639344262295082,Away
MAGNUS PAAJARVI,0.5607476635514018,0.45918367346938777,0.5121951219512195,None
MARC METHOT,0.3786008230452675,0.3814814814814815,0.38011695906432746,None
MARC STAAL,0.4352517985611511,0.3784722222222222,0.40636042402826855,None
MARC-ANDRE GRAGNANI,0.019607843137254905,0.5625,0.4312796208530805,Home
MARC-EDOUARD VLASIC,0.5107142857142857,0.5051194539249146,0.5078534031413613,None
MARCO SCANDELLA,0.49166666666666664,0.40370370370370373,0.44509803921568625,None
MARCUS FOLIGNO,0.4305555555555556,0.4797687861271676,0.45741324921135645,None
MARCUS JOHANSSON,0.6179245283018868,0.575,0.5951327433628318,None
MARCUS KRUGER,0.3619047619047619,0.43478260869565216,0.39593908629441626,None
MAREK HRIVIK,0.2,0.42857142857142855,0.3333333333333333,None
MAREK ZIDLICKY,0.5508982035928144,0.4666666666666667,0.5156794425087108,None
MARIAN GABORIK,0.6041666666666666,0.6329113924050633,0.6192052980132451,None
MARIAN HOSSA,0.565,0.48704663212435234,0.5267175572519084,None
MARK ARCOBELLO,0.6923076923076923,0.6567164179104478,0.6698113207547169,None
MARK BARBERIO,0.5882352941176471,0.5555555555555556,0.572289156626506,None
MARK BOROWIECKI,0.44805194805194803,0.37222222222222223,0.40718562874251496,None
MARK FAYNE,0.4444444444444444,0.44214876033057854,0.4431818181818182,None
MARK GIORDANO,0.5452261306532663,0.47570332480818417,0.5107731305449936,None
MARK LETESTU,0.47435897435897434,0.42592592592592593,0.45111111111111113,None
MARK MCNEILL,0.5,0.2,0.21153846153846154,Home
MARK PYSYK,0.4930555555555556,0.5364238410596026,0.5152542372881356,None
MARK SCHEIFELE,0.5643153526970954,0.5851528384279476,0.574468085106383,None
MARK STONE,0.5882352941176471,0.4840989399293286,0.5382003395585738,None
MARK STREIT,0.53,0.5555555555555556,0.5404339250493096,None
MARK STUART,0.3891891891891892,0.4044943820224719,0.39669421487603307,None
MARKO DANO,0.5465116279069767,0.578125,0.56,None
MARKUS GRANLUND,0.4596774193548387,0.4125,0.4411764705882353,None
MARKUS HANNIKAINEN,0.125,0.09090909090909091,0.1208791208791209,Away
MARTIN HANZAL,0.545045045045045,0.495,0.5213270142180095,None
MARTIN HAVLAT,0.5,0.5,0.5,Home
MARTIN MARINCIN,0.46568627450980393,0.5301204819277109,0.4945945945945946,None
MASON RAYMOND,0.5949367088607594,0.5476190476190477,0.5785123966942148,None
MATHIEU PERREAULT,0.6497695852534562,0.6634615384615384,0.6564705882352941,None
MATS ZUCCARELLO,0.5856164383561644,0.5110294117647058,0.549645390070922,None
MATT BARTKOWSKI,0.44866920152091255,0.4208860759493671,0.43350604490500866,None
MATT BELESKEY,0.5575221238938053,0.5450980392156862,0.5509355509355509,None
MATT CALVERT,0.40609137055837563,0.44549763033175355,0.4264705882352941,None
MATT CULLEN,0.44565217391304346,0.3853658536585366,0.4138817480719794,None
MATT DUCHENE,0.5108695652173914,0.5447761194029851,0.5275735294117647,None
MATT DUMBA,0.5301724137931034,0.5057471264367817,0.5172413793103449,None
MATT GREENE,0.4666666666666667,0.5,0.46710526315789475,Away
MATT HALISCHUK,0.3793103448275862,0.4583333333333333,0.4024390243902439,None
MATT HENDRICKS,0.3905325443786982,0.3888888888888889,0.38968481375358166,None
MATT HUNWICK,0.4679245283018868,0.40875912408759124,0.437847866419295,None
MATT IRWIN,0.45454545454545453,0.5,0.45535714285714285,Away
MATT MARTIN,0.5,0.4697986577181208,0.4838709677419355,None
MATT MOULSON,0.5523255813953488,0.5490196078431373,0.5507692307692308,None
MATT NIETO,0.4900662251655629,0.46745562130177515,0.478125,None
MATT NISKANEN,0.5231607629427792,0.512,0.5175202156334232,None
MATT PUEMPEL,0.45,0.4146341463414634,0.4380165289256198,None
MATT READ,0.48132780082987553,0.4863636363636364,0.4837310195227766,None
MATT STAJAN,0.3894736842105263,0.36180904522613067,0.37532133676092544,None
MATT TAORMINA,0.5,0.42857142857142855,0.4305555555555556,Home
MATT TENNYSON,0.6111111111111112,0.43636363636363634,0.5229357798165137,None
MATTHEW CARLE,0.4887640449438202,0.4144144144144144,0.4475,None
MATTIAS EKHOLM,0.539568345323741,0.5154639175257731,0.5272407732864675,None
MATTIAS JANMARK,0.5263157894736842,0.5806451612903226,0.5539906103286385,None
MAX DOMI,0.5471698113207547,0.4977973568281938,0.524390243902439,None
MAX FRIBERG,0.4444444444444444,0.14285714285714285,0.3125,None
MAX MCCORMICK,0.34375,0.5,0.4166666666666667,None
MAX PACIORETTY,0.5813953488372093,0.5980707395498392,0.5898692810457516,None
MAX TALBOT,0.36363636363636365,0.43661971830985913,0.39864864864864863,None
MELKER KARLSSON,0.4868421052631579,0.44047619047619047,0.4625,None
MICHAEL CHAPUT,0.3157894736842105,0.7777777777777778,0.4642857142857143,None
MICHAEL DEL ZOTTO,0.5207547169811321,0.47342995169082125,0.5,None
MICHAEL FROLIK,0.5106382978723404,0.48034934497816595,0.4940047961630695,None
MICHAEL GRABNER,0.44696969696969696,0.40825688073394495,0.42946058091286304,None
MICHAEL KERANEN,0.5,0.09090909090909091,0.15384615384615385,Both
MICHAEL KOSTKA,0.3695652173913043,0.4318181818181818,0.4,None
MICHAEL LATTA,0.6375,0.5116279069767442,0.5934959349593496,None
MICHAEL MATHESON,0.4166666666666667,0.625,0.5,None
MICHAEL MCCARRON,0.5,0.4782608695652174,0.4897959183673469,None
MICHAEL MERSCH,0.42105263157894735,0.328125,0.3493975903614458,None
MICHAEL PALIOTTA,0.14285714285714285,0.5,0.15277777777777782,Away
MICHAEL RAFFL,0.5688888888888889,0.5939086294416244,0.580568720379147,None
MICHAEL SGARBOSSA,0.5,0.6666666666666666,0.65625,Home
MICHAEL STONE,0.4919786096256685,0.445578231292517,0.47155688622754494,None
MICHAEL ZALEWSKI,0.9090909090909091,0.8,0.819672131147541,Home
MICHAL JORDAN,0.5697674418604651,0.47572815533980584,0.5185185185185185,None
MICHAL ROZSIVAL,0.5033112582781457,0.460431654676259,0.4827586206896552,None
MICHEAL FERLAND,0.52,0.4470588235294118,0.48405797101449277,None
MICHEAL HALEY,0.3181818181818182,0.4666666666666667,0.3783783783783784,None
MIIKKA SALOMAKI,0.44366197183098594,0.45081967213114754,0.44696969696969696,None
MIKA ZIBANEJAD,0.5208333333333334,0.4709897610921502,0.49569707401032703,None
MIKAEL BACKLUND,0.5560165975103735,0.5366795366795367,0.546,None
MIKAEL GRANLUND,0.5,0.5272727272727272,0.5138121546961326,None
MIKE ANGELIDIS,0.3333333333333333,0.5,0.4,None
MIKE BLUNDEN,0.625,0.5454545454545454,0.5789473684210527,None
MIKE BROWN,0.4222222222222222,0.5068493150684932,0.4601226993865031,None
MIKE CAMMALLERI,0.5789473684210527,0.44666666666666666,0.5037878787878788,None
MIKE FISHER,0.5263157894736842,0.5106382978723404,0.5180180180180181,None
MIKE GREEN,0.6200873362445415,0.594306049822064,0.6058823529411764,None
MIKE HOFFMAN,0.5818181818181818,0.5306122448979592,0.5576923076923077,None
MIKE REILLY,0.47619047619047616,0.5135135135135135,0.49635036496350365,None
MIKE RIBEIRO,0.6417322834645669,0.6448979591836734,0.6432865731462926,None
MIKE RICHARDS,0.37735849056603776,0.46153846153846156,0.41304347826086957,None
MIKE SANTORELLI,0.4915254237288136,0.47107438016528924,0.4811715481171548,None
MIKE SISLO,0.29411764705882354,0.3488372093023256,0.3333333333333333,None
MIKE WEBER,0.4583333333333333,0.3821138211382114,0.41975308641975306,None
MIKHAIL GRABOVSKI,0.5222222222222223,0.5279503105590062,0.5249266862170088,None
MIKHAIL GRIGORENKO,0.5228426395939086,0.41708542713567837,0.4696969696969697,None
MIKKEL BOEDKER,0.5601374570446735,0.556390977443609,0.5583482944344704,None
MIKKO KOIVU,0.5531914893617021,0.5437262357414449,0.5486238532110091,None
MIKKO RANTANEN,0.4666666666666667,0.4,0.44,None
MILAN LUCIC,0.7105263157894737,0.6321428571428571,0.6703296703296703,None
MILAN MICHALEK,0.4585987261146497,0.49107142857142855,0.4721189591078067,None
MILES WOOD,0.3333333333333333,0.5,0.34375,Away
MIRCO MUELLER,0.5172413793103449,0.5263157894736842,0.5208333333333334,None
MORGAN ELLIS,0.5,0.4444444444444444,0.44565217391304346,Home
MORGAN RIELLY,0.5087719298245614,0.4986301369863014,0.5039267015706806,None
NAIL YAKUPOV,0.49019607843137253,0.5397727272727273,0.5167173252279635,None
NATE GUENIN,0.3582089552238806,0.390625,0.37404580152671757,None
NATE PROSSER,0.42696629213483145,0.43119266055045874,0.4292929292929293,None
NATE SCHMIDT,0.5094339622641509,0.44155844155844154,0.4778225806451613,None
NATE THOMPSON,0.5,0.336734693877551,0.4230769230769231,None
NATHAN BEAULIEU,0.5435897435897435,0.532608695652174,0.5382585751978892,None
NATHAN GERBE,0.46938775510204084,0.4369747899159664,0.45161290322580644,None
NATHAN MACKINNON,0.5393700787401575,0.5477941176470589,0.5437262357414449,None
NAZEM KADRI,0.5296052631578947,0.6107142857142858,0.5684931506849316,None
NIC DOWD,0.8888888888888888,0.9,0.8947368421052632,None
NIC PETAN,0.4666666666666667,0.6785714285714286,0.547945205479452,None
NICK BJUGSTAD,0.6359223300970874,0.5276381909547738,0.582716049382716,None
NICK BONINO,0.45549738219895286,0.41624365482233505,0.43556701030927836,None
NICK COUSINS,0.5466666666666666,0.5517241379310345,0.5488721804511278,None
NICK FOLIGNO,0.5720338983050848,0.5958549222797928,0.5827505827505828,None
NICK HOLDEN,0.4507042253521127,0.3972602739726027,0.4236111111111111,None
NICK LEDDY,0.5654761904761905,0.49577464788732395,0.5296671490593343,None
NICK PAUL,0.46,0.5102040816326531,0.48484848484848486,None
NICK RITCHIE,0.5833333333333334,0.5802469135802469,0.5815602836879432,None
NICK SCHULTZ,0.43086816720257237,0.3603238866396761,0.3996415770609319,None
NICK SHORE,0.5510204081632653,0.5085714285714286,0.5279503105590062,None
NICK SPALING,0.43537414965986393,0.42276422764227645,0.42962962962962964,None
NICKLAS BACKSTROM,0.5748031496062992,0.5808580858085809,0.578096947935368,None
NICKLAS GROSSMANN,0.31958762886597936,0.3855421686746988,0.35,None
NICOLAS DESLAURIERS,0.45864661654135336,0.39316239316239315,0.428,None
NICOLAS PETAN,0.5,0.5714285714285714,0.5694444444444444,Home
NIKITA KUCHEROV,0.6217228464419475,0.5875486381322957,0.6049618320610687,None
NIKITA NESTEROV,0.6,0.5409836065573771,0.5660377358490566,None
NIKITA NIKITIN,0.5833333333333334,0.5609756097560976,0.5692307692307692,None
NIKITA SOSHNIKOV,0.5087719298245614,0.6666666666666666,0.5416666666666666,None
NIKITA TRYAMKIN,0.37037037037037035,0.4897959183673469,0.4473684210526316,None
NIKITA ZADOROV,0.5,0.45,0.47580645161290325,None
NIKLAS HJALMARSSON,0.5123456790123457,0.4375,0.477124183006536,None
NIKLAS KRONWALL,0.5591836734693878,0.444,0.501010101010101,None
NIKOLAJ EHLERS,0.5578947368421052,0.6057692307692307,0.5829145728643216,None
NIKOLAY GOLDOBIN,0.4,0.4444444444444444,0.42857142857142855,None
NIKOLAY KULEMIN,0.5,0.42127659574468085,0.4556354916067146,None
NINO NIEDERREITER,0.565,0.5590909090909091,0.5619047619047619,None
NOAH HANIFIN,0.5517241379310345,0.5864978902953587,0.5673624288425048,None
NOEL ACCIARI,0.525,0.4117647058823529,0.47297297297297297,None
OLIVER BJORKSTRAND,0.6785714285714286,0.6136363636363636,0.6388888888888888,None
OLIVER EKMAN-LARSSON,0.6211699164345403,0.5471698113207547,0.5864106351550961,None
OLIVER KYLINGTON,0.5,0.75,0.7380952380952381,Home
OLLI MAATTA,0.5080645161290323,0.4603174603174603,0.484,None
ONDREJ PALAT,0.5846153846153846,0.5296803652968036,0.5555555555555556,None
OSCAR KLEFBOM,0.4344262295081967,0.47413793103448276,0.453781512605042,None
OSCAR LINDBERG,0.5222929936305732,0.4489795918367347,0.4868421052631579,None
OSKAR SUNDQVIST,0.5454545454545454,0.4411764705882353,0.48214285714285715,None
P.K. SUBBAN,0.5865921787709497,0.6,0.592814371257485,None
PASCAL DUPUIS,0.4375,0.375,0.4107142857142857,None
PATRIC HORNQVIST,0.6765676567656765,0.6307692307692307,0.655417406749556,None
PATRICE BERGERON,0.5877192982456141,0.6066066066066066,0.597037037037037,None
PATRICE CORMIER,0.9090909090909091,0.5,0.846153846153846,Both
PATRICK BROWN,0.375,0.42857142857142855,0.3870967741935484,None
PATRICK EAVES,0.6115107913669064,0.5862068965517241,0.6,None
PATRICK KANE,0.6363636363636364,0.5566343042071198,0.5964343598055105,None
PATRICK MARLEAU,0.5814696485623003,0.5369127516778524,0.5597381342062193,None
PATRICK MAROON,0.5851063829787234,0.5975609756097561,0.5909090909090909,None
PATRICK SHARP,0.5968992248062015,0.5410447761194029,0.5684410646387833,None
PATRICK SIELOFF,0.5,0.6,0.5961538461538461,Home
PATRICK WIERCIOCH,0.5555555555555556,0.422360248447205,0.4891640866873065,None
PATRIK BERGLUND,0.4536082474226804,0.5,0.48034934497816595,None
PATRIK ELIAS,0.575,0.4666666666666667,0.5285714285714286,None
PATRIK NEMETH,0.5,0.48091603053435117,0.4899598393574297,None
PAUL BYRON,0.41496598639455784,0.3716216216216216,0.39322033898305087,None
PAUL CAREY,0.4,0.09090909090909091,0.36936936936936937,Away
PAUL GAUSTAD,0.33587786259541985,0.2672413793103448,0.30364372469635625,None
PAUL MARTIN,0.474025974025974,0.4709897610921502,0.47254575707154745,None
PAUL POSTMA,0.6428571428571429,0.5641025641025641,0.6105263157894737,None
PAUL STASTNY,0.5625,0.45689655172413796,0.5087719298245614,None
PAUL THOMPSON,0.5,0.4444444444444444,0.45454545454545453,None
PAVEL DATSYUK,0.639269406392694,0.6495726495726496,0.6445916114790287,None
PAVEL ZACHA,0.625,0.5,0.6219512195121951,Away
PETER HOLLAND,0.6011560693641619,0.5967741935483871,0.5988857938718662,None
PETTER GRANBERG,0.5,0.5135135135135135,0.5074626865671642,None
PETTERI LINDBOHM,0.4523809523809524,0.7142857142857143,0.5178571428571429,None
PHIL KESSEL,0.5942492012779552,0.5614035087719298,0.5785953177257525,None
PHIL VARONE,0.5,0.3333333333333333,0.33870967741935487,Home
PHILIP SAMUELSSON,0.5,0.7368421052631579,0.734375,Home
PHILIP VARONE,0.42857142857142855,0.5,0.45454545454545453,None
PHILLIP DANAULT,0.45985401459854014,0.49038461538461536,0.4730290456431535,None
PHILLIP DI GIUSEPPE,0.48598130841121495,0.5504587155963303,0.5185185185185185,None
PIERRE-ALEXANDRE PARENTEAU,0.5916666666666667,0.6228813559322034,0.6071428571428571,None
PIERRE-EDOUARD BELLEMARE,0.42452830188679247,0.3508771929824561,0.391644908616188,None
QUINTON HOWDEN,0.5352112676056338,0.4672897196261682,0.4943820224719101,None
R.J. UMBERGER,0.39344262295081966,0.49230769230769234,0.4444444444444444,None
RADEK FAKSA,0.6379310344827587,0.45,0.5612244897959183,None
RADIM VRBATA,0.5245098039215687,0.5567010309278351,0.5402010050251256,None
RADKO GUDAS,0.47651006711409394,0.4657534246575342,0.4711864406779661,None
RASMUS RISTOLAINEN,0.44959128065395093,0.4392059553349876,0.44415584415584414,None
REID BOUCHER,0.45555555555555555,0.4426229508196721,0.4481132075471698,None
REILLY SMITH,0.4957627118644068,0.5150375939849624,0.5059760956175299,None
RENE BOURQUE,0.47674418604651164,0.4125,0.4457831325301205,None
RICH CLUNE,0.5,0.5517241379310345,0.5319148936170213,None
RICHARD PANIK,0.3617021276595745,0.4727272727272727,0.4215686274509804,None
RICK NASH,0.594059405940594,0.43137254901960786,0.5123152709359606,None
RICKARD RAKELL,0.6343612334801763,0.5727699530516432,0.6045454545454545,None
RILEY NASH,0.6148148148148148,0.5099337748344371,0.5594405594405595,None
RILEY SHEAHAN,0.47783251231527096,0.42342342342342343,0.44941176470588234,None
RINAT VALIEV,0.4583333333333333,0.625,0.525,None
ROB KLINKHAMMER,0.37037037037037035,0.47058823529411764,0.4090909090909091,None
ROB SCUDERI,0.4222222222222222,0.49056603773584906,0.45427728613569324,None
ROBBY FABBRI,0.5751295336787565,0.47619047619047616,0.5290858725761773,None
ROBERT BORTUZZO,0.569620253164557,0.5443037974683544,0.5569620253164557,None
ROCCO GRIMALDI,0.5555555555555556,0.6458333333333334,0.6071428571428571,None
ROMAN JOSI,0.48081841432225064,0.4905149051490515,0.4855263157894737,None
ROMAN POLAK,0.4641350210970464,0.4539249146757679,0.45849056603773586,None
RON HAINSEY,0.513677811550152,0.5054151624548736,0.5099009900990099,None
RONALDS KENINS,0.35714285714285715,0.3333333333333333,0.34782608695652173,None
ROSS JOHNSTON,0.9090909090909091,0.5,0.846153846153846,Both
RYAN CALLAHAN,0.527363184079602,0.4829059829059829,0.503448275862069,None
RYAN CARPENTER,0.047619047619047616,0.5,0.08695652173913043,Both
RYAN CARTER,0.38613861386138615,0.29310344827586204,0.33640552995391704,None
RYAN DZINGEL,0.4482758620689655,0.36619718309859156,0.40310077519379844,None
RYAN ELLIS,0.5471014492753623,0.549645390070922,0.5483870967741935,None
RYAN GARBUTT,0.5581395348837209,0.4810810810810811,0.5127388535031847,None
RYAN GETZLAF,0.6137931034482759,0.5429553264604811,0.5783132530120482,None
RYAN HARTMAN,0.25,0.25,0.25,None
RYAN JOHANSEN,0.5404411764705882,0.6028880866425993,0.5719489981785064,None
RYAN JOHNSTON,0.4166666666666667,0.5,0.45454545454545453,None
RYAN KESLER,0.5522388059701493,0.5215686274509804,0.5389830508474577,None
RYAN MCDONAGH,0.4965753424657534,0.4158415841584158,0.45546218487394957,None
RYAN MURPHY,0.5529411764705883,0.5045871559633027,0.5257731958762887,None
RYAN MURRAY,0.47643979057591623,0.49710982658959535,0.48626373626373626,None
RYAN NUGENT-HOPKINS,0.5336134453781513,0.5269461077844312,0.5308641975308642,None
RYAN O'REILLY,0.5412186379928315,0.4869281045751634,0.5128205128205128,None
RYAN PULOCK,0.6285714285714286,0.49019607843137253,0.5465116279069767,None
RYAN REAVES,0.5238095238095238,0.5526315789473685,0.539568345323741,None
RYAN SPOONER,0.5655430711610487,0.6332046332046332,0.5988593155893536,None
RYAN STANTON,0.5,0.6666666666666666,0.65625,Home
RYAN STROME,0.5208333333333334,0.5124378109452736,0.5170068027210885,None
RYAN SUTER,0.5352798053527981,0.49504950495049505,0.5153374233128835,None
RYAN WHITE,0.5025906735751295,0.4421768707482993,0.4764705882352941,None
SAM BENNETT,0.56,0.4834710743801653,0.5180995475113123,None
SAM CARRICK,0.75,0.5,0.5833333333333334,None
SAM GAGNER,0.525,0.5504587155963303,0.5353159851301115,None
SAM REINHART,0.5525114155251142,0.5793357933579336,0.5673469387755102,None
SAMI VATANEN,0.5269461077844312,0.5021459227467812,0.5167548500881834,None
SCOTT GOMEZ,0.417910447761194,0.41333333333333333,0.4154929577464789,None
SCOTT HARRINGTON,0.45454545454545453,0.5106382978723404,0.4927536231884058,None
SCOTT HARTNELL,0.591304347826087,0.5912698412698413,0.5912863070539419,None
SCOTT KOSMACHUK,0.5333333333333333,0.375,0.4782608695652174,None
SCOTT LAUGHTON,0.44776119402985076,0.39855072463768115,0.4227941176470588,None
SCOTT MAYFIELD,0.45454545454545453,0.5384615384615384,0.4857142857142857,None
SCOTT WILSON,0.5111111111111111,0.5675675675675675,0.5365853658536586,None
SCOTTIE UPSHALL,0.42990654205607476,0.4881889763779528,0.46153846153846156,None
SEAN COLLINS,0.8,0.5,0.7884615384615385,Away
SEAN COUTURIER,0.5062240663900415,0.48325358851674644,0.4955555555555556,None
SEAN MONAHAN,0.5849673202614379,0.4967948717948718,0.540453074433657,None
SERGEI PLOTNIKOV,0.5,0.525,0.5121951219512195,None
SERGEY KALININ,0.5111111111111111,0.5,0.5046153846153846,None
SERGEY TOLCHINSKY,0.9090909090909091,0.5,0.5882352941176471,Home
SETH GRIFFITH,0.35714285714285715,0.4,0.3684210526315789,None
SETH HELGESON,0.2903225806451613,0.5084745762711864,0.43333333333333335,None
SETH JONES,0.5302593659942363,0.5727272727272728,0.55096011816839,None
SHANE DOAN,0.5588235294117647,0.5093457943925234,0.5353982300884956,None
SHANE PRINCE,0.5347222222222222,0.4369747899159664,0.49049429657794674,None
SHAWN HORCOFF,0.4868421052631579,0.41379310344827586,0.4552238805970149,None
SHAWN MATTHIAS,0.5532994923857868,0.45365853658536587,0.5024875621890548,None
SHAWN THORNTON,0.6296296296296297,0.47560975609756095,0.5367647058823529,None
SHAYNE GOSTISBEHERE,0.6428571428571429,0.5532786885245902,0.5975103734439834,None
SHEA THEODORE,0.6338028169014085,0.7037037037037037,0.664,None
SHEA WEBER,0.49226804123711343,0.48563218390804597,0.4891304347826087,None
SIDNEY CROSBY,0.6353591160220995,0.5853658536585366,0.6115942028985507,None
SIMON DESPRES,0.5145631067961165,0.4393939393939394,0.4723404255319149,None
SLATER KOEKKOEK,0.7142857142857143,0.3333333333333333,0.5555555555555556,None
SONNY MILANO,0.5,0.42857142857142855,0.45454545454545453,None
STANISLAV GALIEV,0.5686274509803921,0.43478260869565216,0.527027027027027,None
STEFAN ELLIOTT,0.4772727272727273,0.5370370370370371,0.5102040816326531,None
STEFAN MATTEAU,0.4791666666666667,0.4482758620689655,0.46226415094339623,None
STEFAN NOESEN,0.5,0.5,0.5,Home
STEPHEN GIONTA,0.4365079365079365,0.3217821782178218,0.36585365853658536,None
STEPHEN JOHNS,0.5849056603773585,0.4838709677419355,0.5476190476190477,None
STEVE BERNIER,0.5333333333333333,0.543859649122807,0.5392156862745098,None
STEVE DOWNIE,0.5142857142857142,0.5,0.5057471264367817,None
STEVE OTT,0.41379310344827586,0.56,0.48148148148148145,None
STEVEN KAMPFER,0.5084745762711864,0.45528455284552843,0.48132780082987553,None
STEVEN SANTINI,0.2,0.5,0.2115384615384616,Away
STEVEN STAMKOS,0.5980066445182725,0.4982078853046595,0.55,None
STUART PERCY,0.25,0.4,0.3076923076923077,None
SVEN ANDRIGHETTO,0.5705128205128205,0.5180722891566265,0.5523012552301255,None
SVEN BAERTSCHI,0.5121951219512195,0.5329341317365269,0.5226586102719033,None
T.J. OSHIE,0.5738255033557047,0.5819397993311036,0.5778894472361809,None
TANNER GLASS,0.34375,0.45985401459854014,0.41201716738197425,None
TANNER KERO,0.45454545454545453,0.44680851063829785,0.45,None
TANNER PEARSON,0.5544554455445545,0.5666666666666667,0.5606796116504854,None
TAYLOR BECK,0.6666666666666666,0.3333333333333333,0.5,None
TAYLOR CHORNEY,0.5073529411764706,0.496,0.5019157088122606,None
TAYLOR FEDUN,0.5,0.2,0.21153846153846154,Home
TAYLOR HALL,0.5821917808219178,0.5434083601286174,0.5621890547263682,None
TAYLOR LEIER,0.14285714285714285,0.5,0.2727272727272727,None
TEDDY PURCELL,0.5454545454545454,0.5291666666666667,0.5367483296213809,None
TEEMU PULKKINEN,0.6875,0.6056338028169014,0.6490066225165563,None
TEUVO TERAVAINEN,0.5206611570247934,0.565,0.5407239819004525,None
THOMAS HICKEY,0.4187192118226601,0.3829787234042553,0.40153452685422,None
THOMAS VANEK,0.5454545454545454,0.5070422535211268,0.525,None
TIM JACKMAN,0.4,0.5,0.42857142857142855,None
TIM SCHALLER,0.37037037037037035,0.3,0.3404255319148936,None
TJ BRENNAN,0.48,0.5294117647058824,0.5,None
TJ BRODIE,0.5142857142857142,0.4230769230769231,0.4653902798232695,None
TOBIAS LINDBERG,0.6521739130434783,0.5454545454545454,0.6176470588235294,None
TOBIAS RIEDER,0.4915254237288136,0.512,0.5009174311926605,None
TOBY ENSTROM,0.4982078853046595,0.5040983606557377,0.5009560229445507,None
TOM GILBERT,0.42028985507246375,0.4715447154471545,0.4444444444444444,None
TOM KUHNHACKL,0.43037974683544306,0.3950617283950617,0.4125,None
TOM SESTITO,0.5,0.16666666666666666,0.1774193548387097,Home
TOM WILSON,0.4362745098039216,0.4228571428571429,0.43007915567282323,None
TOMAS FLEISCHMANN,0.4864864864864865,0.472636815920398,0.4792746113989637,None
TOMAS HERTL,0.6147859922178989,0.5677966101694916,0.592292089249493,None
TOMAS JURCO,0.5306122448979592,0.5588235294117647,0.5470085470085471,None
TOMAS NOSEK,0.4,0.42857142857142855,0.42105263157894735,None
TOMAS PLEKANEC,0.5404411764705882,0.5373665480427047,0.538878842676311,None
TOMAS TATAR,0.6519337016574586,0.5911330049261084,0.6197916666666666,None
TOMMY CROSS,0.3333333333333333,0.25,0.2727272727272727,None
TOMMY WINGELS,0.45098039215686275,0.43670886075949367,0.4437299035369775,None
TOREY KRUG,0.6015831134564644,0.6033519553072626,0.6024423337856174,None
TORREY MITCHELL,0.44751381215469616,0.4935064935064935,0.46865671641791046,None
TRAVIS HAMONIC,0.47096774193548385,0.43490304709141275,0.45156482861400893,None
TRAVIS MOEN,0.25,0.5,0.425,None
TRAVIS ZAJAC,0.5129310344827587,0.4485294117647059,0.4781746031746032,None
TREVOR CARRICK,0.5,0.4117647058823529,0.4127906976744186,Home
TREVOR DALEY,0.5785714285714286,0.5672131147540984,0.5726495726495726,None
TREVOR LEWIS,0.4631578947368421,0.5,0.48128342245989303,None
TREVOR VAN RIEMSDYK,0.4697508896797153,0.4570446735395189,0.4632867132867133,None
TROY BROUWER,0.5146443514644351,0.43724696356275305,0.47530864197530864,None
TUOMO RUUTU,0.5098039215686274,0.44776119402985076,0.4745762711864407,None
TURNER ELSON,0.5,0.14285714285714285,0.1527777777777778,Home
TY RATTIE,0.2916666666666667,0.2777777777777778,0.2857142857142857,None
TYE MCGINN,0.5,0.4,0.40384615384615385,Home
TYLER BOZAK,0.5842105263157895,0.5240641711229946,0.5543766578249337,None
TYLER ENNIS,0.5681818181818182,0.4782608695652174,0.5286624203821656,None
TYLER GAUDET,0.35714285714285715,0.42857142857142855,0.3877551020408163,None
TYLER GRAOVAC,0.5,0.6153846153846154,0.6136363636363636,Home
TYLER JOHNSON,0.6036036036036037,0.5515695067264574,0.5775280898876405,None
TYLER KENNEDY,0.5428571428571428,0.5196850393700787,0.5301724137931034,None
TYLER MYERS,0.48184818481848185,0.5095057034220533,0.49469964664310956,None
TYLER RANDELL,0.4482758620689655,0.4,0.421875,None
TYLER SEGUIN,0.5773195876288659,0.5943775100401606,0.5851851851851851,None
TYLER TOFFOLI,0.6370370370370371,0.5935251798561151,0.614963503649635,None
TYLER WOTHERSPOON,0.4,0.4864864864864865,0.45614035087719296,None
TYSON BARRIE,0.49279538904899134,0.5139949109414759,0.504054054054054,None
TYSON STRACHAN,0.9523809523809523,0.9677419354838709,0.9615384615384617,Both
VALERI NICHUSHKIN,0.47783251231527096,0.5862068965517241,0.5320197044334976,None
VALTTERI FILPPULA,0.5666666666666667,0.5158730158730159,0.5421455938697318,None
VERNON FIDDLER,0.45108695652173914,0.4064516129032258,0.4306784660766962,None
VICTOR BARTLEY,0.5652173913043478,0.5714285714285714,0.5681818181818182,None
VICTOR HEDMAN,0.5411764705882353,0.5601173020527859,0.5506607929515418,None
VICTOR RASK,0.5680272108843537,0.5523012552301255,0.5609756097560976,None
VIKTOR ARVIDSSON,0.5608108108108109,0.592,0.575091575091575,None
VIKTOR LOOV,0.5,0.5,0.4999999999999999,Away
VIKTOR STALBERG,0.46405228758169936,0.4010152284263959,0.42857142857142855,None
VIKTOR SVEDBERG,0.4444444444444444,0.45901639344262296,0.45,None
VIKTOR TIKHONOV,0.4098360655737705,0.5172413793103449,0.45454545454545453,None
VINCENT HINOSTROZA,0.5263157894736842,0.42857142857142855,0.5,None
VINCENT LECAVALIER,0.5818181818181818,0.5053763440860215,0.5467980295566502,None
VINCENT TROCHECK,0.5194174757281553,0.5714285714285714,0.5465116279069767,None
VLADIMIR TARASENKO,0.6185185185185185,0.5480769230769231,0.5807560137457045,None
VLADISLAV NAMESTNIKOV,0.5837837837837838,0.5353535353535354,0.5587467362924282,None
VOJTECH MOZIK,0.3,0.35714285714285715,0.3333333333333333,None
WAYNE SIMMONDS,0.6612903225806451,0.5394736842105263,0.6009771986970684,None
WILLIAM KARLSSON,0.43601895734597157,0.45320197044334976,0.4444444444444444,None
WILLIAM NYLANDER,0.5806451612903226,0.7906976744186046,0.6470588235294118,None
WILLIE MITCHELL,0.336,0.3176470588235294,0.3254237288135593,None
XAVIER OUELLET,0.6666666666666666,0.29411764705882354,0.391304347826087,None
YANNI GOURDE,0.5,0.2857142857142857,0.2916666666666667,Home
YANNICK WEBER,0.5,0.5531914893617021,0.5249169435215947,None
ZAC DALPE,0.02439024390243903,0.5,0.04651162790697676,Both
ZAC RINALDO,0.37142857142857144,0.390625,0.3805970149253731,None
ZACH BOGOSIAN,0.48221343873517786,0.4631578947368421,0.4721189591078067,None
ZACH HYMAN,0.559322033898305,0.6521739130434783,0.5853658536585366,None
ZACH PARISE,0.5454545454545454,0.5217391304347826,0.5341614906832298,None
ZACH REDMOND,0.47058823529411764,0.423728813559322,0.453416149068323,None
ZACH SILL,0.6521739130434783,0.3076923076923077,0.5277777777777778,None
ZACH TROTMAN,0.42424242424242425,0.4745762711864407,0.45652173913043476,None
ZACK KASSIAN,0.4393939393939394,0.45454545454545453,0.44755244755244755,None
ZACK SMITH,0.5217391304347826,0.5191489361702127,0.5204301075268817,None
ZBYNEK MICHALEK,0.41578947368421054,0.35323383084577115,0.3836317135549872,None
ZDENO CHARA,0.4774011299435028,0.45430809399477806,0.4654002713704206,None
ZEMGUS GIRGENSONS,0.47398843930635837,0.40487804878048783,0.4365079365079365,None
