ID,Player,Position,Games Dressed,Salary,TOI,paTOI/G
1,AARON DELL,G,2,575000,,
2,AARON EKBLAD,D,78,925000,1690.81666667,16.2578525641
3,AARON NESS,D,8,575000,99.1,9.290625
4,ADAM CLENDENING,D,29,761250,429.083333333,11.0969827586
5,ADAM CRACKNELL,R,52,575000,636.016666667,12.2310897436
6,ADAM HENRIQUE,C,80,4000000,1586.11666667,19.8264583334
7,ADAM LARSSON,D,82,2500000,1845.78333333,16.8821646341
8,ADAM LOWRY,L,74,925000,1037.36666667,14.0184684685
9,ADAM MCQUAID,D,64,3000000,1154.56666667,13.530078125
10,ADAM PARDY,D,23,1000000,365.333333333,11.9130434782
11,ADAM PELECH,D,9,845500,158.216666667,13.1847222222
12,AL MONTOYA,G,80,1100000,,
13,ALAN QUINE,C,2,620000,35.5166666667,17.7583333333
14,ALEC MARTINEZ,D,78,3900000,1649.75,15.8629807692
15,ALEKSANDER BARKOV,C,66,925000,1282.38333333,19.430050505
16,ALES HEMSKY,R,75,4000000,982.816666667,13.1042222222
17,ALEX BIEGA,D,51,600000,854.933333333,12.5725490196
18,ALEX CHIASSON,R,77,1200000,1050.08333333,13.6374458874
19,ALEX FRIESEN,C,1,575000,11.7166666667,11.7166666667
20,ALEX GALCHENYUK,C,82,2500000,1333.26666667,16.2593495935
21,ALEX GOLIGOSKI,D,82,4800000,1954.36666667,17.8753048781
22,ALEX GRANT,D,5,600000,66.1666666667,9.925
23,ALEX KHOKHLACHEV,C,5,775000,51.2666666667,10.2533333333
24,ALEX KILLORN,C,81,2700000,1360.41666667,16.7952674898
25,ALEX OVECHKIN,L,79,10000000,1604.36666667,20.3084388186
26,ALEX PETROVIC,D,66,900000,1119.06666667,12.7166666667
27,ALEX PIETRANGELO,D,73,6500000,1920.25,19.7285958904
28,ALEX STALOCK,G,60,1700000,,
29,ALEX TANGUAY,L,70,3500000,1105.33333333,15.7904761904
30,ALEXANDER BURMISTROV,C,81,1500000,1309.98333333,16.1726337448
31,ALEXANDER EDLER,D,52,6000000,1271.53333333,18.3394230769
32,ALEXANDER SEMIN,R,15,7000000,185.033333333,12.3355555555
33,ALEXANDER STEEN,L,67,5800000,1364.86666667,20.3711442787
34,ALEXANDER WENNBERG,C,69,925000,1094.38333333,15.8606280193
35,ALEXANDRE BURROWS,L,79,4000000,1198.41666667,15.1698312237
36,ALEXANDRE GRENIER,R,6,585000,68.85,11.475
37,ALEXEI EMELIN,D,72,3900000,1475.85,15.3734375
38,ALEXEY MARCHENKO,D,66,700000,1110.85,12.6232954545
39,ANDERS LEE,C,80,2000000,1166.11666667,14.5764583334
40,ANDERS LINDBACK,G,55,875000,,
41,ANDERS NILSSON,G,73,1000000,,
42,ANDRE BENOIT,D,2,600000,27.1666666667,10.1875
43,ANDRE BURAKOVSKY,L,79,925000,1028.93333333,13.0244725738
44,ANDREAS ATHANASIOU,C,37,667500,333.65,9.0175675676
45,ANDREAS MARTINSEN,L,55,742500,610.35,11.0972727273
46,ANDREI MARKOV,D,82,6000000,1954.53333333,17.8768292683
47,ANDREI VASILEVSKIY,G,60,925000,,
48,ANDREJ NESTRASIL,C,55,875000,789.3,14.3509090909
49,ANDREJ SEKERA,D,81,6500000,1768.93333333,16.3790123456
50,ANDREJ SUSTR,D,77,1300000,1296.4,12.6272727273
51,ANDREW AGOZZINO,L,9,600000,77.05,8.5611111111
52,ANDREW BODNARCHUK,D,37,650000,456.566666667,9.2547297297
53,ANDREW CAMPBELL,D,6,575000,69.5,8.6875
54,ANDREW COGLIANO,C,82,2900000,1183.4,14.4317073171
55,ANDREW COPP,C,77,925000,616.25,8.0032467533
56,ANDREW DESJARDINS,C,77,800000,1030.41666667,13.3820346321
57,ANDREW FERENCE,D,6,3750000,78.35,9.79375
58,ANDREW HAMMOND,G,65,1200000,,
59,ANDREW LADD,L,78,4500000,1475.31666667,18.9143162394
60,ANDREW MACDONALD,D,28,4500000,563.333333333,15.0892857143
61,ANDREW MILLER,C,6,630000,54.7333333333,9.1222222222
62,ANDREW SHAW,C,78,2500000,1142.78333333,14.651068376
63,ANDREY PEDAN,D,13,792500,142.383333333,8.2144230769
64,ANDY ANDREOFF,C,60,575000,527.583333333,8.7930555556
65,ANDY GREENE,D,82,5000000,1882.08333333,17.2141768292
66,ANTHONY BITETTO,D,28,665500,339.75,9.1004464286
67,ANTHONY DUCLAIR,L,81,742500,1164.73333333,14.3794238683
68,ANTHONY MANTHA,R,10,925000,117,11.7
69,ANTHONY PELUSO,R,35,650000,223.45,6.3842857143
70,ANTHONY STOLARZ,G,16,792500,,
71,ANTOINE BIBEAU,G,11,655000,,
72,ANTOINE ROUSSEL,L,80,1800000,1108.56666667,13.8570833334
73,ANTOINE VERMETTE,C,76,3750000,1264.71666667,16.641008772
74,ANTON FORSBERG,G,15,700000,,
75,ANTON KHUDOBIN,G,35,2500000,,
76,ANTON LANDER,C,61,925000,737.016666667,12.0822404372
77,ANTON SLEPYSHEV,L,11,925000,95.6,8.6909090909
78,ANTON STRALMAN,D,73,4500000,1611.66666667,16.5582191781
79,ANTTI NIEMI,G,82,4500000,,
80,ANTTI RAANTA,G,79,800000,,
81,ANZE KOPITAR,C,81,7700000,1690.2,20.8666666667
82,ARTEM ANISIMOV,C,77,4000000,1392.85,18.088961039
83,ARTEMI PANARIN,C,80,700000,1481.63333333,18.5204166666
84,AUSTIN WATSON,L,57,575000,570.15,10.0026315789
85,BARCLAY GOODROW,C,14,635000,143.783333333,10.2702380952
86,BARRET JACKMAN,D,73,2000000,1011.58333333,10.392979452
87,BEAU BENNETT,R,33,800000,392.55,11.8954545455
88,BEN BISHOP,G,82,5950000,,
89,BEN CHIAROT,D,70,850000,1012.05,10.8433928571
90,BEN HARPUR,D,5,655000,68.3,10.245
91,BEN HUTTON,D,75,867500,1490.5,14.905
92,BEN LOVEJOY,D,66,1200000,1245.21666667,14.150189394
93,BEN SCRIVENS,G,40,2300000,,
94,BEN SMITH,R,22,1500000,266.033333333,12.0924242424
95,BEN STREET,C,7,650000,51.4166666667,7.3452380952
96,BENOIT POULIOT,L,55,4000000,882.716666667,16.0493939394
97,BLAKE COMEAU,L,81,2400000,1427.8,17.6271604938
98,BLAKE PIETILA,L,7,650000,84.2333333333,12.0333333333
99,BLAKE WHEELER,R,82,5800000,1622.56666667,19.787398374
100,BO HORVAT,C,82,925000,1404.85,17.1323170732
101,BOBBY FARNHAM,R,53,575000,493.6,9.3132075472
102,BOBBY RYAN,R,81,6500000,1391.16666667,17.1748971194
103,BOONE JENNER,C,82,775000,1345.55,16.4091463415
104,BORNA RENDULIC,C,3,635000,22.5833333333,7.5277777778
105,BOYD GORDON,C,65,3000000,793.116666667,12.2017948718
106,BRACKEN KEARNS,C,2,775000,31.7833333333,15.8916666666
107,BRAD BOYES,R,60,2500000,718.216666667,11.9702777778
108,BRAD HUNT,D,7,600000,99.25,10.6339285714
109,BRAD MALONE,C,57,700000,544.316666667,9.5494152047
110,BRAD MARCHAND,C,77,4500000,1432.21666667,18.6002164503
111,BRAD RICHARDS,C,68,8500000,1006.01666667,14.7943627451
112,BRAD RICHARDSON,R,82,1750000,1280.96666667,15.6215447155
113,BRAD STUART,D,6,3600000,84,10.5
114,BRADEN HOLTBY,G,82,6500000,,
115,BRADY SKJEI,D,7,925000,124.133333333,13.3
116,BRANDON BOLLIG,L,54,1300000,501.65,9.2898148148
117,BRANDON DAVIDSON,D,51,585000,979.016666667,14.3973039216
118,BRANDON DUBINSKY,C,75,5850000,1407.23333333,18.7631111111
119,BRANDON GORMLEY,D,26,850500,316.566666667,9.1317307692
120,BRANDON MANNING,D,56,625000,925.55,12.3957589286
121,BRANDON MASHINTER,L,41,575000,307.183333333,7.4922764228
122,BRANDON PIRRI,C,61,975000,885.5,14.5163934426
123,BRANDON PRUST,L,35,2000000,447.45,12.7842857143
124,BRANDON SAAD,L,78,4000000,1343.03333333,17.2183760683
125,BRANDON SUTTER,C,20,3300000,359.533333333,17.9766666667
126,BRANDON TANEV,L,3,925000,36.1333333333,12.0444444444
127,BRAYDEN MCNABB,D,81,675000,1524.01666667,14.1112654321
128,BRAYDEN SCHENN,C,80,2750000,1351.51666667,16.8939583334
129,BRAYDON COBURN,D,80,4000000,1340.18333333,12.56421875
130,BRENDAN GALLAGHER,R,53,5500000,878.533333333,16.5761006289
131,BRENDAN GAUNCE,C,20,832500,255.166666667,12.7583333334
132,BRENDAN LEIPSIC,L,6,692500,85.4333333333,14.2388888889
133,BRENDAN SMITH,D,63,2250000,1109,13.2023809524
134,BRENDAN WOODS,L,5,775000,43.5333333333,8.7066666667
135,BRENDEN DILLON,D,76,2400000,1268.28333333,12.5159539473
136,BRENT BURNS,D,82,5760000,2120.85,19.3980182927
137,BRENT REGNER,D,7,600000,81.0833333333,8.6875
138,BRENT SEABROOK,D,81,5000000,1848.63333333,17.1169753086
139,BRETT BULMER,R,3,600000,20.15,6.7166666667
140,BRETT CONNOLLY,R,71,1025000,920.233333333,12.9610328638
141,BRETT KULAK,D,8,655000,98.7666666667,9.259375
142,BRETT LERNOUT,D,1,660000,6.5,4.875
143,BRETT PESCE,D,69,742500,1295,14.0760869565
144,BRETT RITCHIE,R,8,832500,92.8166666667,11.6020833333
145,BRIAN BOYLE,C,76,2000000,981.183333333,12.9103070175
146,BRIAN CAMPBELL,D,82,7142875,1826.78333333,16.7083841463
147,BRIAN DUMOULIN,D,79,800000,1491.96666667,14.1642405064
148,BRIAN ELLIOTT,G,70,2500000,,
149,BRIAN FLYNN,C,56,950000,657.05,11.7330357143
150,BRIAN GIONTA,R,79,4250000,1400.86666667,17.7324894515
151,BRIAN O'NEILL,C,22,575000,227.95,10.3613636364
152,BRIAN STRAIT,D,52,925000,802.733333333,11.5778846154
153,BROCK MCGINN,L,21,842500,234.866666667,11.1841269841
154,BROCK NELSON,C,81,1500000,1280.06666667,15.8032921811
155,BRODY SUTTER,C,8,600000,71.7333333333,8.9666666667
156,BROOKS LAICH,C,81,4000000,926.233333333,11.4349794239
157,BROOKS ORPIK,D,41,5500000,812.233333333,14.8579268293
158,BRYAN BICKELL,L,25,4500000,244.7,9.788
159,BRYAN LERG,L,6,600000,53.25,8.875
160,BRYAN LITTLE,C,57,4750000,1117,19.5964912281
161,BRYAN RUST,R,41,665000,512.4,12.4975609756
162,BUD HOLLOWAY,C,1,575000,7.3166666667,7.3166666667
163,BUDDY ROBINSON,R,3,925000,25.8,8.6
164,BYRON FROESE,C,56,575000,707.066666667,12.6261904762
165,CAL CLUTTERBUCK,R,77,3000000,917.533333333,11.916017316
166,CAL O'REILLY,C,20,700000,223.6,11.18
167,CALLE JARNKROK,C,81,735000,1306.96666667,16.1353909465
168,CALVIN DE HAAN,D,72,2000000,1485.56666667,15.4746527778
169,CALVIN PICKARD,G,52,850500,,
170,CAM ATKINSON,R,81,2500000,1441.65,17.7981481481
171,CAM FOWLER,D,69,4000000,1571.86666667,17.0855072464
172,CAM TALBOT,G,82,1450000,,
173,CAM WARD,G,77,6800000,,
174,CAREY PRICE,G,15,7000000,,
175,CARL GUNNARSSON,D,72,3450000,1251.33333333,13.0347222222
176,CARL HAGELIN,L,80,5000000,1256.55,15.706875
177,CARL SODERBERG,C,82,5000000,1477.23333333,18.0150406504
178,CARLO COLAIACOVO,D,36,900000,521.016666667,10.8545138889
179,CARTER HUTTON,G,78,750000,,
180,CASEY CIZIKAS,C,80,1200000,1014.55,12.681875
181,CASEY NELSON,D,7,925000,103.75,11.1160714286
182,CEDRIC PAQUETTE,C,56,650000,713.4,12.7392857143
183,CHAD JOHNSON,G,81,1600000,,
184,CHAD RUHWEDEL,D,1,675000,15.5,11.625
185,CHANDLER STEPHENSON,C,9,692500,70.7166666667,7.8574074074
186,CHARLES HUDON,L,3,650000,32.0833333333,10.6944444444
187,CHARLIE COYLE,C,82,1900000,1419.2,17.3073170732
188,CHARLIE LINDGREN,G,5,925000,,
189,CHASE DE LEO,C,2,685000,18.8333333333,9.4166666667
190,CHRIS BIGRAS,D,31,865000,413.6,10.0064516129
191,CHRIS BROWN,R,1,575000,7.6833333333,7.6833333333
192,CHRIS BUTLER,D,5,675000,57.5,8.625
193,CHRIS DRIEDGER,G,15,755000,,
194,CHRIS HIGGINS,L,33,2500000,454.683333333,13.7782828283
195,CHRIS KELLY,C,11,2500000,143.95,13.0863636364
196,CHRIS KREIDER,C,79,2600000,1260.6,15.9569620253
197,CHRIS KUNITZ,L,80,4000000,1345.96666667,16.8245833334
198,CHRIS NEIL,R,80,1500000,743.85,9.298125
199,CHRIS PORTER,L,61,575000,587.816666667,9.6363387978
200,CHRIS STEWART,R,56,1700000,604.516666667,10.7949404762
201,CHRIS SUMMERS,D,3,625000,46.1666666667,11.5416666667
202,CHRIS TERRY,L,68,875000,766.683333333,11.274754902
203,CHRIS THORBURN,R,82,1200000,829.95,10.1213414634
204,CHRIS TIERNEY,C,79,792500,1042.18333333,13.1921940928
205,CHRIS VANDEVELDE,C,79,700000,1070.6,13.5518987342
206,CHRIS WAGNER,R,43,600000,393.666666667,9.1550387597
207,CHRIS WIDEMAN,D,64,600000,892.816666667,10.4626953125
208,CHRISTIAN EHRHOFF,D,48,4000000,743.216666667,11.6127604167
209,CHRISTIAN FOLIN,D,26,600000,379.083333333,10.9350961538
210,CHRISTIAN THOMAS,L,6,600000,53.6333333333,8.9388888889
211,CHRISTOPH BERTSCHY,C,3,692500,20.8333333333,6.9444444444
212,CHRISTOPHER GIBSON,G,10,675000,,
213,CHRISTOPHER TANEV,D,69,3500000,1501,16.3152173913
214,CLARKE MACARTHUR,L,4,4500000,43.4333333333,10.8583333333
215,CLAUDE GIROUX,R,78,9000000,1602.61666667,20.5463675214
216,CLAYTON STONER,D,50,3250000,768.016666667,11.52025
217,CODY BASS,C,17,575000,130.266666667,7.6627450981
218,CODY CECI,D,75,832500,1447.51666667,14.4751666667
219,CODY EAKIN,C,82,2300000,1342.18333333,16.3680894309
220,CODY FRANSON,D,59,4000000,993.4,12.6279661017
221,CODY GOLOUBEF,D,43,700000,650.45,11.3450581395
222,CODY HODGSON,C,39,4000000,418.583333333,10.7329059829
223,CODY MCLEOD,L,82,1500000,864.233333333,10.5394308943
224,COLE SCHNEIDER,L,2,700000,25.25,12.625
225,COLIN GREENING,C,31,2750000,436.983333333,14.0962365591
226,COLIN MCDONALD,R,5,625000,40.7166666667,8.1433333333
227,COLIN MILLER,D,42,620000,663.383333333,11.8461309524
228,COLIN WILSON,C,64,3750000,925.216666667,14.4565104167
229,COLTON PARAYKO,D,79,792500,1531.56666667,14.5401898734
230,COLTON SCEVIOUR,C,71,700000,900.116666667,12.6776995305
231,COLTON SISSONS,C,34,600000,338.616666667,9.9593137255
232,CONNOR BRICKLEY,L,23,605000,200.683333333,8.7253623188
233,CONNOR BROWN,R,7,717500,104.8,14.9714285714
234,CONNOR CARRICK,D,19,655000,295.133333333,11.65
235,CONNOR HELLEBUYCK,G,33,667500,,
236,CONNOR MCDAVID,C,45,925000,849.816666667,18.8848148148
237,CONNOR MURPHY,D,78,832500,1599.75,15.3822115385
238,CONOR SHEARY,L,44,667500,429.133333333,9.753030303
239,CORBAN KNIGHT,C,20,750000,192.633333333,9.6316666667
240,COREY CRAWFORD,G,72,6500000,,
241,COREY PERRY,R,82,9000000,1452.03333333,17.7077235772
242,COREY POTTER,D,1,650000,14.7333333333,11.05
243,CORY SCHNEIDER,G,70,6000000,,
244,CRAIG ANDERSON,G,78,4750000,,
245,CRAIG CUNNINGHAM,L,10,700000,100.833333333,10.0833333333
246,CRAIG SMITH,C,82,3750000,1245.15,15.1847560976
247,CURTIS LAZAR,C,76,925000,1053.26666667,13.8587719299
248,CURTIS MCELHINNEY,G,53,800000,,
249,CURTIS MCKENZIE,L,3,650000,26.4,8.8
250,DAINIUS ZUBRUS,C,50,3100000,579.483333333,11.5896666667
251,DALE WEISE,R,71,1025000,952.45,13.4147887324
252,DALTON PROUT,D,64,1100000,1035.05,12.1294921875
253,DAMON SEVERSON,D,72,575000,1307.86666667,13.6236111111
254,DAN BOYLE,D,74,4500000,1392.26666667,14.1108108108
255,DAN GIRARDI,D,74,7000000,1503.73333333,15.2405405405
256,DAN HAMHUIS,D,58,4250000,1242.08333333,16.0614224138
257,DANIEL ALTSHULLER,G,5,755000,,
258,DANIEL CARR,L,23,892500,277.683333333,12.0731884058
259,DANIEL CATENACCI,C,11,575000,96.1333333333,8.7393939394
260,DANIEL PAILLE,L,12,575000,136.9,11.4083333333
261,DANIEL SEDIN,L,82,7000000,1503.36666667,18.3337398374
262,DANIEL SPRONG,R,18,667500,157.05,8.725
263,DANIEL WINNIK,C,76,2700000,1042.4,13.7157894737
264,DANNY DEKEYSER,D,78,2250000,1700.75,16.3533653846
265,DARCY KUEMPER,G,74,1500000,,
266,DARNELL NURSE,D,69,925000,1395.91666667,15.1730072464
267,DARREN DIETZ,D,13,690000,188.983333333,10.9028846154
268,DARREN HELM,C,77,2500000,1160.25,15.0681818182
269,DAVE BOLLAND,C,25,5500000,352.3,14.092
270,DAVE DZIURZYNSKI,L,14,750000,141.083333333,10.0773809524
271,DAVID BACKES,R,79,4750000,1519.18333333,19.2301687763
272,DAVID CLARKSON,R,23,5500000,212,9.2173913044
273,DAVID DESHARNAIS,C,65,3500000,1040.18333333,16.0028205128
274,DAVID JONES,R,75,4000000,932.933333333,12.4391111111
275,DAVID KREJCI,C,72,7250000,1461.66666667,20.300925926
276,DAVID LEGWAND,C,79,3500000,766.716666667,9.7052742616
277,DAVID PASTRNAK,R,51,925000,711.2,13.9450980392
278,DAVID PERRON,L,71,4500000,1080.1,15.2126760563
279,DAVID RUNDBLAD,D,9,1000000,129.35,10.7791666667
280,DAVID SAVARD,D,65,1300000,1506.21666667,17.379423077
281,DAVID SCHLEMKO,D,67,625000,1249.48333333,13.9867537313
282,DAVID WARSOFSKY,D,22,600000,376.716666667,12.8426136364
283,DEAN KUKAN,D,8,742500,138.833333333,13.015625
284,DENNIS EVERBERG,R,15,625000,134.15,8.9433333333
285,DENNIS RASMUSSEN,C,44,575000,403.2,9.1636363636
286,DENNIS SEIDENBERG,D,61,4500000,1183.25,14.5481557377
287,DENNIS WIDEMAN,D,51,5250000,1051.36666667,15.4612745099
288,DEREK DORSETT,R,71,3100000,893.916666667,12.5903755869
289,DEREK FORBORT,D,14,900000,154.633333333,8.2839285714
290,DEREK GRANT,C,15,700000,163.183333333,10.8788888889
291,DEREK MACKENZIE,C,64,1300000,841.7,13.1515625
292,DEREK RYAN,C,6,600000,73.2166666667,12.2027777778
293,DEREK STEPAN,C,72,8000000,1278.38333333,17.755324074
294,DERICK BRASSARD,C,80,6000000,1430.81666667,17.8852083334
295,DERRICK POULIOT,D,22,832500,339.966666667,11.5897727273
296,DERYK ENGELLAND,D,69,3000000,1050.96666667,11.4235507247
297,DEVAN DUBNYK,G,77,5000000,,
298,DEVANTE SMITH-PELLY,R,64,800000,786.716666667,12.2924479167
299,DEVIN SHORE,C,3,817500,36.35,12.1166666667
300,DION PHANEUF,D,71,8000000,1586.61666667,16.7600352113
301,DMITRIJ JASKIN,R,65,775000,770.85,11.8592307692
302,DMITRY KULIKOV,D,74,4500000,1556.55,15.7758445946
303,DMITRY ORLOV,D,82,2250000,1314.16666667,12.0198170732
304,DOMINIC MOORE,C,80,1500000,1063.6,13.295
305,DOMINIK SIMON,C,3,667500,18.2166666667,6.0722222222
306,DOUGIE HAMILTON,D,82,5500000,1620.95,14.8257621951
307,DREW DOUGHTY,D,82,7100000,2297.46666667,21.0134146342
308,DREW MILLER,L,28,1350000,363.233333333,12.9726190476
309,DREW SHORE,C,2,850500,27.9833333333,13.9916666666
310,DREW STAFFORD,R,78,4350000,1394.1,17.8730769231
311,DUNCAN KEITH,D,67,7500000,1690.76666667,18.9264925374
312,DUSTIN BROWN,L,82,7250000,1326.21666667,16.1733739838
313,DUSTIN BYFUGLIEN,D,81,6000000,2041.45,18.9023148148
314,DUSTIN JEFFREY,C,7,575000,79.85,11.4071428571
315,DUSTIN TOKARSKI,G,19,575000,,
316,DWIGHT KING,L,47,2000000,678.55,14.4372340426
317,DYLAN DEMELO,D,45,625000,612.816666667,10.2136111111
318,DYLAN LARKIN,C,80,925000,1323.53333333,16.5441666666
319,DYLAN MCILRATH,D,34,600000,480.216666667,10.5930147059
320,DYLAN OLSEN,D,8,850000,110.016666667,10.3140625
321,EDDIE LACK,G,82,1300000,,
322,ELIAS LINDHOLM,C,82,925000,1485.13333333,18.1113821138
323,EMERSON ETEM,R,58,850500,762.7,13.15
324,EMILE POIRIER,R,2,925000,27.7833333333,13.8916666666
325,ERIC BOULTON,L,6,575000,56.9166666667,9.4861111111
326,ERIC FEHR,C,55,2000000,718.066666667,13.0557575758
327,ERIC GELINAS,D,40,1500000,553.383333333,10.3759375
328,ERIC GRYBA,D,53,1300000,947.766666667,13.4117924528
329,ERIC NYSTROM,L,46,3000000,528.233333333,11.4833333333
330,ERIC SELLECK,L,1,575000,9.55,9.55
331,ERIC STAAL,C,83,9500000,1540.1,18.5554216867
332,ERIC TANGRADI,L,1,575000,6.9166666667,6.9166666667
333,ERIK CONDRA,R,54,1000000,578.166666667,10.7067901235
334,ERIK GUDBRANSON,D,64,2750000,1287.2,15.084375
335,ERIK GUSTAFSSON,D,41,667500,633.433333333,11.5871951219
336,ERIK HAULA,L,76,950000,967.266666667,12.7271929825
337,ERIK JOHNSON,D,73,4250000,1711.3,17.5818493151
338,ERIK KARLSSON,D,82,7000000,2375.91666667,21.730945122
339,ESA LINDELL,D,4,767500,56.1833333333,10.534375
340,EVAN RODRIGUES,C,2,842500,23.5,11.75
341,EVANDER KANE,L,65,6000000,1367.41666667,21.0371794872
342,EVGENI MALKIN,C,57,9500000,1104.01666667,19.3687134504
343,EVGENY KUZNETSOV,C,82,2600000,1428.05,17.4152439024
344,EVGENY MEDVEDEV,D,45,3000000,847.283333333,14.1213888889
345,FEDOR TYUTIN,D,61,5000000,1073,13.1926229508
346,FILIP FORSBERG,L,82,832500,1562.31666667,19.0526422765
347,FRANCOIS BEAUCHEMIN,D,82,4500000,2056.55,18.8099085366
348,FRANK CORRADO,D,39,632500,563.7,10.8403846154
349,FRANK VATRANO,C,39,742500,463.333333333,11.8803418803
350,FRANS NIELSEN,C,81,3500000,1435.31666667,17.7199588478
351,FREDDIE HAMILTON,C,4,687500,50.8,12.7
352,FREDERIK ANDERSEN,G,71,1300000,,
353,FREDERIK GAUTHIER,C,7,925000,96.9166666667,13.8452380952
354,FREDRIK CLAESSON,D,16,600000,308.633333333,14.4671875
355,GABRIEL BOURQUE,L,22,866250,272.016666667,12.3643939394
356,GABRIEL LANDESKOG,L,75,4500000,1419.43333333,18.9257777777
357,GARNET HATHAWAY,R,14,657500,168.25,12.0178571429
358,GARRET SPARKS,G,31,670000,,
359,GARRETT WILSON,L,29,675000,271.8,9.3724137931
360,GREG MCKEGG,C,15,700000,123.866666667,8.2577777778
361,GREG PATERYN,D,38,575000,636.45,12.5615131579
362,GREGORY CAMPBELL,C,82,1700000,866.433333333,10.5662601626
363,GRIFFIN REINHART,D,29,832500,524.166666667,13.5560344828
364,GUSTAV NYQUIST,C,82,4000000,1243.96666667,15.1703252033
365,GUSTAV OLOFSSON,D,2,767500,18.3833333333,6.89375
366,HAMPUS LINDHOLM,D,80,832500,1760.15,16.50140625
367,HARRY ZOLNIERCZYK,L,1,600000,8.8,8.8
368,HENRIK LUNDQVIST,G,79,10000000,,
369,HENRIK SEDIN,C,74,7000000,1360.03333333,18.3788288288
370,HENRIK ZETTERBERG,L,82,7500000,1591.65,19.4103658537
371,HUDSON FASCHING,R,7,925000,80.65,11.5214285714
372,HUNTER SHINKARUK,C,8,925000,119.716666667,14.9645833334
373,IAN COLE,D,70,1500000,1206.73333333,12.9292857142
374,IIRO PAKARINEN,R,63,842500,677.15,10.7484126984
375,J.T. BROWN,R,78,975000,1042.18333333,13.3613247863
376,J.T. MILLER,C,82,874000,1232.85,15.0347560976
377,JACCOB SLAVIN,D,63,692500,1322.18333333,15.7402777777
378,JACK CAMPBELL,G,3,650000,,
379,JACK EICHEL,C,81,925000,1548.85,19.1216049383
380,JACK JOHNSON,D,60,5000000,1450.51666667,18.1314583334
381,JACK SKILLE,R,74,675000,653.6,8.8324324324
382,JACOB DE LA ROSE,L,22,925000,273.566666667,12.4348484849
383,JACOB JOSEFSON,C,58,800000,900.283333333,15.5221264368
384,JACOB MARKSTROM,G,67,1500000,,
385,JACOB TROUBA,D,81,832500,1787.38333333,16.549845679
386,JADEN SCHWARTZ,C,33,2700000,567.716666667,17.2035353535
387,JAKE ALLEN,G,62,2200000,,
388,JAKE GARDINER,D,79,4050000,1629.05,15.465664557
389,JAKE MCCABE,D,77,925000,1472.05,14.3381493506
390,JAKE MUZZIN,D,82,3000000,1891,17.2957317073
391,JAKE VIRTANEN,R,55,925000,636.016666667,11.5639393939
392,JAKOB SILFVERBERG,R,82,4500000,1391.9,16.9743902439
393,JAKUB KINDL,D,44,2500000,677.15,11.5423295455
394,JAKUB NAKLADAL,D,27,817500,383.133333333,10.6425925926
395,JAKUB VORACEK,R,73,4500000,1356.78333333,18.5860730593
396,JAMES NEAL,L,82,5000000,1563.85,19.0713414634
397,JAMES REIMER,G,68,2000000,,
398,JAMES VAN RIEMSDYK,L,40,4750000,710.516666667,17.7629166667
399,JAMES WISNIEWSKI,D,1,5000000,0.7833333333,0.5875
400,JAMIE BENN,L,82,5750000,1641.8,20.0219512195
401,JAMIE MCBAIN,D,44,600000,538.4,9.1772727273
402,JAMIE MCGINN,L,84,3000000,1200.58333333,14.2926587301
403,JAMIE OLEKSIAK,D,19,875000,241.6,9.5368421053
404,JANNIK HANSEN,R,67,2500000,1101.08333333,16.4340796019
405,JARED BOLL,R,30,1700000,199.5,6.65
406,JARED COREAU,G,3,600000,,
407,JARED COWEN,D,37,3700000,628.233333333,12.7344594595
408,JARED MCCANN,C,69,925000,864.016666667,12.5219806763
409,JARED SPURGEON,D,77,3600000,1746.25,17.0089285714
410,JAROME IGINLA,R,82,5500000,1300.65,15.8615853659
411,JAROMIR JAGR,R,79,3500000,1348.93333333,17.0751054852
412,JAROSLAV HALAK,G,52,4750000,,
413,JARRED TINORDI,D,10,850500,142.983333333,10.72375
414,JARRET STOLL,C,80,800000,974.166666667,12.1770833333
415,JASON CHIMERA,L,82,2000000,1152.15,14.0506097561
416,JASON DEMERS,D,62,3650000,1293.81666667,15.6510080646
417,JASON DICKINSON,C,1,925000,11.9166666667,11.9166666667
418,JASON GARRISON,D,72,4500000,1329.38333333,13.8477430555
419,JASON KASDORF,G,2,667500,,
420,JASON LABARBERA,G,5,600000,,
421,JASON POMINVILLE,R,75,5750000,1227.28333333,16.3637777777
422,JASON SPEZZA,C,75,7500000,1239,16.52
423,JASON ZUCKER,L,71,950000,1106.11666667,15.5791079813
424,JAY BEAGLE,C,57,1750000,798.916666667,14.0160818714
425,JAY BOUWMEESTER,D,72,5600000,1664.21666667,17.3355902778
426,JAY MCCLEMENT,C,78,1300000,906.766666667,11.6252136752
427,JAYSON MEGNA,C,6,600000,73.4833333333,12.2472222222
428,JC LIPON,R,9,675000,62.7,6.9666666667
429,JEAN-FRANCOIS BERUBE,G,27,575000,,
430,JEAN-GABRIEL PAGEAU,C,82,700000,1369.65,16.7030487805
431,JEFF CARTER,C,77,7000000,1415.9,18.3883116883
432,JEFF PETRY,D,51,7000000,1089.16666667,16.0171568628
433,JEFF SCHULTZ,D,1,850000,18.25,13.6875
434,JEFF SKINNER,C,82,6000000,1335.48333333,16.2863821138
435,JEFF ZATKOFF,G,64,600000,,
436,JEREMY SMITH,G,1,600000,,
437,JEREMY WELSH,C,2,575000,16.6166666667,8.3083333334
438,JESPER FAST,R,79,900000,1180.11666667,14.9381856541
439,JHONAS ENROTH,G,82,1250000,,
440,JIM O'BRIEN,C,4,575000,54.0666666667,13.5166666667
441,JIMMY HAYES,R,75,2000000,1036.98333333,13.8264444444
442,JIMMY HOWARD,G,82,5500000,,
443,JIRI HUDLER,R,72,4000000,1134.66666667,15.7592592593
444,JIRI SEKAC,L,39,925000,454.95,11.6653846154
445,JIRI TLUSTY,C,30,800000,411.35,13.7116666667
446,JOAKIM ANDERSSON,C,29,815000,261.583333333,9.0201149425
447,JOAKIM NORDSTROM,C,71,605000,1109.43333333,15.6258215962
448,JOE CANNATA,G,6,600000,,
449,JOE COLBORNE,C,73,1275000,1107.08333333,15.1655251141
450,JOE MORROW,D,33,832500,524.966666667,11.9310606061
451,JOE PAVELSKI,C,82,6000000,1624.9,19.8158536585
452,JOE THORNTON,C,82,6750000,1505.71666667,18.362398374
453,JOE VITALE,C,1,1100000,6.2166666667,6.2166666667
454,JOEL ARMIA,R,43,832500,522.933333333,12.1612403101
455,JOEL EDMUNDSON,D,67,867500,1000.26666667,11.1970149254
456,JOEL HANLEY,D,10,667500,159.983333333,11.99875
457,JOEL VERMIN,R,6,635000,54.8333333333,9.1388888889
458,JOEL WARD,R,79,3275000,1340.86666667,16.9729957806
459,JOFFREY LUPUL,R,46,6750000,672.566666667,14.6210144928
460,JOHAN FRANZEN,C,2,5000000,25.9,12.95
461,JOHAN LARSSON,L,74,800000,1096.65,14.8195945946
462,JOHN CARLSON,D,56,4000000,1327.28333333,17.7761160714
463,JOHN GIBSON,G,58,787500,,
464,JOHN KLINGBERG,D,76,2250000,1724.3,17.0161184211
465,JOHN MCCARTHY,L,1,600000,7.0833333333,7.0833333333
466,JOHN MCFARLAND,C,3,850500,29.7333333333,9.9111111111
467,JOHN MITCHELL,C,71,1800000,1082.45,15.2457746479
468,JOHN MOORE,D,73,1300000,1448.18333333,14.8785958904
469,JOHN RAMAGE,D,1,600000,14.15,10.6125
470,JOHN SCOTT,L,12,575000,78.3333333333,6.5277777778
471,JOHN TAVARES,C,78,6000000,1559.56666667,19.9944444445
472,JOHN-MICHAEL LILES,D,81,2750000,1644.6,15.2277777778
473,JOHNNY BOYCHUK,D,70,7500000,1495.68333333,16.0251785714
474,JOHNNY GAUDREAU,L,79,925000,1574.51666667,19.9305907173
475,JOHNNY ODUYA,D,82,3750000,1670.95,15.2830792683
476,JON MERRILL,D,47,840000,794.133333333,12.6723404255
477,JONAS BRODIN,D,68,2500000,1388.51666667,15.3145220589
478,JONAS GUSTAVSSON,G,81,700000,,
479,JONAS HILLER,G,66,4500000,,
480,JONATHAN BERNIER,G,74,4150000,,
481,JONATHAN DROUIN,L,21,925000,303.3,14.4428571429
482,JONATHAN ERICSSON,D,71,4250000,1315.95,13.9008802817
483,JONATHAN HUBERDEAU,C,76,2500000,1378.91666667,18.1436403509
484,JONATHAN MARCHESSAULT,C,45,600000,544.016666667,12.0892592593
485,JONATHAN QUICK,G,79,7000000,,
486,JONATHAN TOEWS,C,80,13800000,1539.83333333,19.2479166666
487,JONI ORTIO,G,42,600000,,
488,JOONAS DONSKOI,R,76,925000,1075.65,14.1532894737
489,JOONAS KEMPPAINEN,C,44,792500,551.666666667,12.5378787879
490,JOONAS KORPISALO,G,49,742500,,
491,JORDAN BINNINGTON,G,10,625000,,
492,JORDAN CARON,R,4,600000,32.5,8.125
493,JORDAN EBERLE,C,69,6000000,1232.06666667,17.8560386474
494,JORDAN MARTINOOK,L,81,600000,1230.45,15.1907407407
495,JORDAN NOLAN,C,52,850000,462.65,8.8971153846
496,JORDAN OESTERLE,D,17,792500,368.716666667,16.2669117647
497,JORDAN SCHROEDER,C,26,600000,244.816666667,9.416025641
498,JORDAN STAAL,C,82,6000000,1500.65,18.3006097561
499,JORDAN WEAL,C,14,632500,131.05,9.3607142857
500,JORDIE BENN,D,64,850000,1001.78333333,11.7396484375
501,JORDIN TOOTOO,R,66,825000,760.833333333,11.5277777778
502,JORI LEHTERA,C,79,2250000,1270.53333333,16.0827004219
503,JOSEPH BLANDISI,C,41,665000,639.7,15.6024390244
504,JOSH ANDERSON,R,12,692500,128.383333333,10.6986111111
505,JOSH ARCHIBALD,R,1,667500,5.0333333333,5.0333333333
506,JOSH BAILEY,C,81,3500000,1283.8,15.849382716
507,JOSH GORGES,D,77,3900000,1575.81666667,15.3488636364
508,JOSH JOORIS,R,59,975000,725.016666667,12.2884180791
509,JOSH LEIVO,L,12,842500,147.8,12.3166666667
510,JOSH MANSON,D,71,925000,1333.55,14.0867957746
511,JOSHUA MORRISSEY,D,1,925000,15.9,11.925
512,JUJHAR KHAIRA,L,15,925000,155.316666667,10.3544444445
513,JULIAN MELCHIORI,D,11,600000,149.55,10.1965909091
514,JUSSI JOKINEN,L,81,4000000,1481.6,18.2913580247
515,JUSTIN ABDELKADER,L,82,2250000,1511.71666667,18.4355691057
516,JUSTIN BAILEY,R,8,667500,92.8166666667,11.6020833333
517,JUSTIN BRAUN,D,80,3800000,1644.75,15.41953125
518,JUSTIN FALK,D,24,600000,341.416666667,10.6692708333
519,JUSTIN FAULK,D,64,3500000,1538.85,18.0333984375
520,JUSTIN FONTAINE,R,60,1050000,711.333333333,11.8555555556
521,JUSTIN SCHULTZ,D,63,3900000,1162.01666667,13.8335317461
522,JUSTIN WILLIAMS,R,82,3250000,1365.53333333,16.6528455284
523,JUUSE SAROS,G,1,667500,,
524,JYRKI JOKIPAKKA,D,58,900000,902.416666667,11.6691810345
525,KAEL MOUILLIERAT,L,1,575000,10.6833333333,10.6833333333
526,KARI LEHTONEN,G,79,6000000,,
527,KARL ALZNER,D,82,2800000,1752.75,16.03125
528,KARRI RAMO,G,49,3800000,,
529,KASPERI KAPANEN,R,9,925000,133.016666667,14.7796296297
530,KEITH KINKAID,G,82,700000,,
531,KEITH YANDLE,D,82,5750000,1636.88333333,14.9714939024
532,KENNY AGOSTINO,L,2,735000,27.1,13.55
533,KERBY RYCHEL,L,32,925000,304.45,9.5140625
534,KEVAN MILLER,D,71,850000,1353.16666667,14.2940140845
535,KEVIN BIEKSA,D,71,2500000,1491.76666667,15.7580985916
536,KEVIN CONNAUTON,D,65,800000,1087.96666667,12.5534615385
537,KEVIN FIALA,L,5,925000,65.7666666667,13.1533333333
538,KEVIN GRAVEL,D,5,667500,58.3833333333,8.7575
539,KEVIN HAYES,R,79,900000,1079.36666667,13.6628691984
540,KEVIN KLEIN,D,69,3000000,1406.53333333,15.2884057971
541,KEVIN PORTER,C,41,575000,464.083333333,11.319105691
542,KEVIN POULIN,G,8,650000,,
543,KEVIN SHATTENKIRK,D,72,4300000,1614.4,16.8166666667
544,KLAS DAHLBECK,D,71,605000,1117.03333333,11.7996478873
545,KORBINIAN HOLZER,D,29,750000,427.866666667,11.0655172414
546,KRIS LETANG,D,71,7250000,1913.1,20.2088028169
547,KRIS RUSSELL,D,62,2600000,1430.7,17.3068548387
548,KRIS VERSTEEG,R,77,4700000,1184.86666667,15.3878787879
549,KRISTERS GUDLEVSKIS,G,14,615000,,
550,KURTIS GABRIEL,R,3,650000,13.4833333333,4.4944444444
551,KYLE BAUN,R,2,792500,18.1,9.05
552,KYLE BRODZIAK,C,76,900000,821.183333333,10.8050438596
553,KYLE CHIPCHURA,C,70,950000,716.416666667,10.2345238095
554,KYLE CLIFFORD,L,56,1350000,523.583333333,9.349702381
555,KYLE OKPOSO,R,79,4500000,1438.25,18.2056962025
556,KYLE PALMIERI,C,82,1600000,1460,17.8048780488
557,KYLE QUINCEY,D,47,4250000,928.883333333,14.822606383
558,KYLE RAU,C,9,792500,113.316666667,12.5907407408
559,KYLE TURRIS,C,57,3500000,1123.16666667,19.7046783626
560,LADISLAV SMID,D,22,3750000,254.883333333,8.6892045454
561,LANCE BOUMA,L,44,2100000,529.566666667,12.0356060606
562,LANDON FERRARO,C,68,600000,721.566666667,10.6112745098
563,LARS ELLER,C,79,2500000,1205.31666667,15.2571729958
564,LAURENT BROSSOIT,G,22,692500,,
565,LAURENT DAUPHIN,C,8,717500,90.5166666667,11.3145833333
566,LAURI KORPIKOSKI,L,71,2700000,989.05,13.9302816901
567,LEE STEMPNIAK,R,82,850000,1471.38333333,17.943699187
568,LEO KOMAROV,C,67,2950000,1194.95,17.8350746269
569,LEON DRAISAITL,C,72,925000,1300.23333333,18.0587962963
570,LINDEN VEY,R,41,1000000,645.816666667,15.7516260163
571,LINUS ULLMARK,G,38,792500,,
572,LOGAN COUTURE,C,52,6000000,904.133333333,17.3871794872
573,LOGAN SHAW,R,53,692500,648.766666667,12.2408805032
574,LOUI ERIKSSON,L,82,4500000,1597.5,19.4817073171
575,LOUIS DOMINGUE,G,52,605000,,
576,LUCA SBISA,D,41,3200000,712.383333333,13.031402439
577,LUCAS LESSIO,L,12,832500,125.7,10.475
578,LUKE GAZDIC,L,29,850000,179.733333333,6.1977011494
579,LUKE GLENDENING,C,81,600000,1180.8,14.5777777778
580,LUKE SCHENN,D,72,3350000,1265.13333333,13.1784722222
581,LUKE WITKOWSKI,D,4,575000,28.5166666667,5.346875
582,MAGNUS HELLBERG,G,6,600000,,
583,MAGNUS PAAJARVI,L,48,700000,616.8,12.85
584,MALCOLM SUBBAN,G,1,832500,,
585,MARC METHOT,D,69,4900000,1425.41666667,15.4936594203
586,MARC STAAL,D,77,7000000,1515.3,14.7594155844
587,MARC-ANDRE FLEURY,G,69,5750000,,
588,MARC-ANDRE GRAGNANI,D,4,575000,57.45,10.771875
589,MARC-EDOUARD VLASIC,D,67,4250000,1549.7,17.3473880597
590,MARCO SCANDELLA,D,73,3000000,1511.1,15.525
591,MARCUS FOLIGNO,L,75,2250000,988.833333333,13.1844444444
592,MARCUS JOHANSSON,L,74,3750000,1231.33333333,16.6396396396
593,MARCUS KRUGER,C,41,1500000,554.366666667,13.5211382114
594,MAREK HRIVIK,L,5,575000,53.5833333333,10.7166666667
595,MAREK LANGHAMER,G,7,648333,,
596,MAREK MAZANEC,G,4,575000,,
597,MAREK ZIDLICKY,D,53,1500000,825.916666667,11.6875
598,MARIAN GABORIK,R,54,6075000,807,14.9444444444
599,MARIAN HOSSA,R,64,7900000,1104.73333333,17.2614583333
600,MARK ARCOBELLO,R,20,1100000,253.55,12.6775
601,MARK BARBERIO,D,30,600000,449.933333333,11.2483333333
602,MARK BOROWIECKI,D,63,1000000,921.5,10.9702380952
603,MARK FAYNE,D,69,3500000,1153.46666667,12.5376811595
604,MARK GIORDANO,D,82,4000000,2033.01666667,18.5946646342
605,MARK LETESTU,C,82,1800000,1294.15,15.7823170732
606,MARK MCNEILL,C,1,832500,12.7333333333,12.7333333333
607,MARK PYSYK,D,55,1000000,874.666666667,11.9272727273
608,MARK SCHEIFELE,C,71,832500,1316.96666667,18.5488262911
609,MARK STONE,R,75,2250000,1508.51666667,20.1135555556
610,MARK STREIT,D,62,5750000,1356.21666667,16.4058467742
611,MARK STUART,D,64,3300000,1046.4,12.2625
612,MARKO DANO,C,34,925000,416.55,12.2514705882
613,MARKUS GRANLUND,C,47,792500,648.016666667,13.7875886525
614,MARKUS HANNIKAINEN,L,4,692500,28.5833333333,7.1458333333
615,MARTIN HANZAL,C,64,3500000,1139.03333333,17.7973958333
616,MARTIN HAVLAT,R,2,600000,21.7833333333,10.8916666666
617,MARTIN JONES,G,82,3000000,,
618,MARTIN MARINCIN,D,65,700000,1090,12.5769230769
619,MASON RAYMOND,L,29,3150000,357.9,12.3413793103
620,MATHIEU PERREAULT,C,71,3000000,1174.98333333,16.5490610328
621,MATS ZUCCARELLO,C,81,4500000,1496.6,18.4765432099
622,MATT BARTKOWSKI,D,80,1750000,1489.53333333,13.964375
623,MATT BELESKEY,L,80,4000000,1268.55,15.856875
624,MATT CALVERT,L,73,1500000,1104.35,15.1280821918
625,MATT CULLEN,C,82,800000,1138.18333333,13.8802845528
626,MATT DUCHENE,C,76,6000000,1412.88333333,18.5905701754
627,MATT DUMBA,D,81,832500,1364.08333333,12.6304012345
628,MATT GREENE,D,3,2500000,35.25,8.8125
629,MATT HALISCHUK,R,30,750000,283.566666667,9.4522222222
630,MATT HENDRICKS,C,68,1850000,900.166666667,13.237745098
631,MATT HUNWICK,D,60,1200000,1353.81666667,16.9227083334
632,MATT IRWIN,D,2,800000,29.8666666667,11.2
633,MATT MARTIN,L,80,1300000,844.516666667,10.5564583333
634,MATT MOULSON,L,81,6000000,964.15,11.9030864198
635,MATT NIETO,L,67,792500,881.683333333,13.1594527363
636,MATT NISKANEN,D,82,5750000,2022.25,18.4961890244
637,MATT PUEMPEL,L,26,832500,294.783333333,11.3378205128
638,MATT READ,R,79,4000000,1205,15.253164557
639,MATT STAJAN,C,80,3375000,1015.8,12.6975
640,MATT TAORMINA,D,3,600000,41.7833333333,10.4458333333
641,MATT TENNYSON,D,30,625000,320.116666667,8.0029166667
642,MATTHEW CARLE,D,64,5500000,1073.9,12.584765625
643,MATTHEW MURRAY,G,31,667500,,
644,MATTHEW O'CONNOR,G,6,925000,,
645,MATTIAS EKHOLM,D,82,1037500,1659.81666667,15.18125
646,MATTIAS JANMARK,C,73,675000,1034.61666667,14.1728310503
647,MAX DOMI,C,81,925000,1326.31666667,16.3742798354
648,MAX FRIBERG,L,5,575000,44.2,8.84
649,MAX MCCORMICK,L,20,655000,209.166666667,10.4583333334
650,MAX PACIORETTY,L,82,4000000,1519.23333333,18.5272357723
651,MAX TALBOT,C,38,1000000,426.116666667,11.2135964912
652,MELKER KARLSSON,C,65,1450000,879.033333333,13.5235897436
653,MICHAEL CHAPUT,C,8,650000,71.9833333333,8.9979166667
654,MICHAEL DEL ZOTTO,D,52,3750000,1217.46666667,17.5596153847
655,MICHAEL FROLIK,R,64,5500000,1011.76666667,15.8088541667
656,MICHAEL GRABNER,R,80,5000000,1157.53333333,14.4691666666
657,MICHAEL HUTCHINSON,G,82,600000,,
658,MICHAEL KERANEN,L,1,675000,6.15,6.15
659,MICHAEL KOSTKA,D,15,800000,222.716666667,11.1358333333
660,MICHAEL LATTA,C,43,575000,347.683333333,8.0856589147
661,MICHAEL LEIGHTON,G,10,575000,,
662,MICHAEL MATHESON,D,3,925000,52.6,13.15
663,MICHAEL MCCARRON,R,20,925000,233.633333333,11.6816666666
664,MICHAEL MERSCH,L,17,792500,176.466666667,10.3803921569
665,MICHAEL PALIOTTA,D,1,925000,7.5333333333,5.65
666,MICHAEL RAFFL,L,82,1200000,1172.55,14.2993902439
667,MICHAEL SGARBOSSA,C,1,605000,8.35,8.35
668,MICHAEL STONE,D,75,1450000,1684.98333333,16.8498333333
669,MICHAEL ZALEWSKI,L,3,575000,35.5666666667,11.8555555556
670,MICHAL JORDAN,D,36,625000,546.133333333,11.3777777778
671,MICHAL NEUVIRTH,G,64,1500000,,
672,MICHAL ROZSIVAL,D,51,600000,824.183333333,12.1203431373
673,MICHEAL FERLAND,L,71,750000,895.5,12.6126760563
674,MICHEAL HALEY,C,16,600000,113.566666667,7.0979166667
675,MIIKKA SALOMAKI,R,61,842500,732.05,12.0008196721
676,MIKA ZIBANEJAD,C,81,2000000,1438.51666667,17.7594650206
677,MIKAEL BACKLUND,C,82,3575000,1347.18333333,16.4290650406
678,MIKAEL GRANLUND,C,82,2800000,1485.8,18.1195121951
679,MIKE ANGELIDIS,L,4,650000,36,9
680,MIKE BLUNDEN,R,20,600000,173.066666667,8.6533333334
681,MIKE BROWN,R,58,1250000,452.816666667,7.8071839081
682,MIKE CAMMALLERI,L,42,5000000,809.716666667,19.278968254
683,MIKE CONDON,G,82,575000,,
684,MIKE FISHER,C,70,4800000,1201.41666667,17.1630952381
685,MIKE GREEN,D,74,6000000,1462.86666667,14.8263513514
686,MIKE HOFFMAN,C,78,2000000,1368.36666667,17.5431623932
687,MIKE MCKENNA,G,2,575000,,
688,MIKE REILLY,D,29,925000,350.4,9.0620689655
689,MIKE RIBEIRO,C,81,3500000,1413.41666667,17.4495884774
690,MIKE RICHARDS,C,39,6000000,474.833333333,12.1752136752
691,MIKE SANTORELLI,C,70,875000,706.483333333,10.0926190476
692,MIKE SISLO,R,18,575000,223.65,12.425
693,MIKE SMITH,G,41,6500000,,
694,MIKE WEBER,D,45,2000000,696.616666667,11.6102777778
695,MIKHAIL GRABOVSKI,C,58,5000000,817.983333333,14.1031609195
696,MIKHAIL GRIGORENKO,C,74,675000,981.733333333,13.2666666667
697,MIKKEL BOEDKER,L,80,3750000,1482.35,18.529375
698,MIKKO KOIVU,C,82,7290000,1634.18333333,19.9290650406
699,MIKKO RANTANEN,R,9,925000,80.6166666667,8.9574074074
700,MILAN LUCIC,L,81,6500000,1396.2,17.237037037
701,MILAN MICHALEK,L,45,4000000,725.333333333,16.1185185185
702,MILES WOOD,L,1,925000,13.1,13.1
703,MIRCO MUELLER,D,11,925000,116.633333333,7.9522727273
704,MORGAN ELLIS,D,3,632500,26.8666666667,6.7166666667
705,MORGAN RIELLY,D,82,832500,1904.61666667,17.4202743903
706,NAIL YAKUPOV,R,60,2500000,853.3,14.2216666667
707,NATE GUENIN,D,29,850000,378.75,9.7952586207
708,NATE PROSSER,D,54,600000,614.7,8.5375
709,NATE SCHMIDT,D,72,750000,1301.01666667,13.5522569445
710,NATE THOMPSON,C,49,1600000,568.066666667,11.5931972789
711,NATHAN BEAULIEU,D,64,1000000,1117.25,13.0927734375
712,NATHAN GERBE,C,47,2000000,632.616666667,13.459929078
713,NATHAN LIEUWEN,G,14,605000,,
714,NATHAN MACKINNON,C,72,925000,1358.35,18.8659722222
715,NATHAN SCHOENFELD,G,1,525000,,
716,NAZEM KADRI,C,76,4100000,1388.78333333,18.2734649122
717,NIC DOWD,C,5,600000,52.8833333333,10.5766666667
718,NIC PETAN,C,22,692500,268.466666667,12.203030303
719,NICK BJUGSTAD,C,67,2850000,1039.16666667,15.5099502488
720,NICK BONINO,C,63,1900000,997.85,15.8388888889
721,NICK COUSINS,C,36,892500,386.316666667,10.7310185185
722,NICK FOLIGNO,L,72,5500000,1216.2,16.8916666667
723,NICK HOLDEN,D,82,1500000,1794.2,16.4103658537
724,NICK LEDDY,D,81,4000000,1832.15,16.9643518519
725,NICK PAUL,L,24,667500,292.65,12.19375
726,NICK RITCHIE,L,33,925000,388.15,11.7621212121
727,NICK SCHULTZ,D,81,2250000,1453.68333333,13.4600308642
728,NICK SHORE,C,68,600000,843.616666667,12.406127451
729,NICK SPALING,C,58,2200000,828.066666667,14.2770114943
730,NICKLAS BACKSTROM,C,75,6500000,1438.63333333,19.1817777777
731,NICKLAS GROSSMANN,D,58,3500000,1031.58333333,13.3394396551
732,NICOLAS DESLAURIERS,L,70,650000,722.983333333,10.3283333333
733,NICOLAS PETAN,C,4,692500,36.9666666667,9.2416666667
734,NIKITA KUCHEROV,R,77,700000,1402.35,18.2123376623
735,NIKITA NESTEROV,D,57,792500,848.7,11.1671052632
736,NIKITA NIKITIN,D,11,4500000,162.833333333,11.1022727272
737,NIKITA SOSHNIKOV,R,11,667500,171.833333333,15.6212121212
738,NIKITA TRYAMKIN,D,13,925000,227.75,13.1394230769
739,NIKITA ZADOROV,D,22,925000,372.516666667,12.6994318182
740,NIKLAS BACKSTROM,G,17,4000000,,
741,NIKLAS HJALMARSSON,D,81,4200000,1812.63333333,16.7836419753
742,NIKLAS KRONWALL,D,64,6000000,1408.6,16.50703125
743,NIKLAS TREUTLE,G,8,667500,,
744,NIKOLAJ EHLERS,L,72,925000,1159.26666667,16.100925926
745,NIKOLAY GOLDOBIN,R,9,925000,100.666666667,11.1851851852
746,NIKOLAY KULEMIN,L,81,4250000,1138.93333333,14.0609053498
747,NINO NIEDERREITER,R,82,2600000,1274.56666667,15.543495935
748,NOAH HANIFIN,D,79,925000,1414.41666667,13.4280063291
749,NOEL ACCIARI,C,19,692500,187.95,9.8921052632
750,OLIVER BJORKSTRAND,R,12,667500,191.716666667,15.9763888889
751,OLIVER EKMAN-LARSSON,D,75,6000000,1857.71666667,18.5771666667
752,OLIVER KYLINGTON,D,1,742500,17.3666666667,13.025
753,OLLI MAATTA,D,67,832500,1337.33333333,14.9701492537
754,ONDREJ PALAT,L,62,3200000,1110.98333333,17.9190860215
755,ONDREJ PAVELEC,G,49,4250000,,
756,OSCAR KLEFBOM,D,30,832500,656.55,16.41375
757,OSCAR LINDBERG,C,68,600000,828.016666667,12.1767156863
758,OSKAR SUNDQVIST,C,18,667500,185.6,10.3111111111
759,P.K. SUBBAN,D,68,7000000,1792.63333333,19.7716911764
760,PASCAL DUPUIS,L,18,4000000,271.75,15.0972222222
761,PATRIC HORNQVIST,R,82,4250000,1381.6,16.8487804878
762,PATRICE BERGERON,C,80,8750000,1586.78333333,19.8347916666
763,PATRICE CORMIER,C,2,650000,8.9833333333,4.4916666667
764,PATRICK BROWN,C,7,665000,88.2333333333,12.6047619048
765,PATRICK EAVES,R,54,1150000,700.633333333,12.974691358
766,PATRICK KANE,R,82,13800000,1673.65,20.4103658537
767,PATRICK MARLEAU,C,82,6500000,1560.33333333,19.0284552845
768,PATRICK MAROON,L,72,1900000,888.366666667,12.3384259259
769,PATRICK SHARP,L,76,5500000,1338.95,17.6177631579
770,PATRICK SIELOFF,D,1,925000,17.9833333333,13.4875
771,PATRICK WIERCIOCH,D,52,2700000,901.716666667,13.0055288462
772,PATRIK BERGLUND,C,42,3700000,650.533333333,15.4888888889
773,PATRIK ELIAS,L,16,5500000,246.983333333,15.4364583333
774,PATRIK NEMETH,D,38,900000,594.333333333,11.7302631579
775,PAUL BYRON,L,62,900000,853.033333333,13.7586021505
776,PAUL CAREY,C,4,575000,39.8833333333,9.9708333333
777,PAUL GAUSTAD,C,63,3000000,708.25,11.2420634921
778,PAUL MARTIN,D,78,5750000,1616.76666667,15.5458333334
779,PAUL POSTMA,D,26,850000,297.766666667,8.5894230769
780,PAUL STASTNY,C,64,7000000,1225.7,19.1515625
781,PAUL THOMPSON,R,3,575000,37.5833333333,12.5277777778
782,PAVEL DATSYUK,C,66,7000000,1297.23333333,19.655050505
783,PAVEL ZACHA,C,1,925000,16.85,16.85
784,PEKKA RINNE,G,81,7000000,,
785,PETER BUDAJ,G,3,575000,,
786,PETER HOLLAND,C,65,775000,953.283333333,14.6658974359
787,PETR MRAZEK,G,79,737500,,
788,PETTER GRANBERG,D,27,600000,370.433333333,10.2898148148
789,PETTERI LINDBOHM,D,10,645000,137.883333333,10.34125
790,PHEONIX COPLEY,G,9,767500,,
791,PHIL KESSEL,C,82,10000000,1507.26666667,18.381300813
792,PHIL VARONE,C,1,600000,9.4833333333,9.4833333333
793,PHILIP SAMUELSSON,D,4,600000,63.55,11.915625
794,PHILIP VARONE,C,5,600000,41.5666666667,8.3133333333
795,PHILIPP GRUBAUER,G,82,650000,,
796,PHILLIP DANAULT,L,51,832500,650.616666667,12.7571895425
797,PHILLIP DI GIUSEPPE,L,41,817500,584.916666667,14.2662601626
798,PIERRE-ALEXANDRE PARENTEAU,R,77,4000000,1251.93333333,16.2588744588
799,PIERRE-EDOUARD BELLEMARE,L,74,700000,1004.1,13.5689189189
800,QUINTON HOWDEN,C,58,850500,601.583333333,10.3721264368
801,R.J. UMBERGER,C,39,4500000,396.183333333,10.1585470085
802,RADEK FAKSA,C,45,832500,555.916666667,12.3537037037
803,RADIM VRBATA,R,63,5000000,1010.95,16.0468253968
804,RADKO GUDAS,D,76,1400000,1508.11666667,14.8827302632
805,RASMUS RISTOLAINEN,D,82,925000,2073.01666667,18.9605182927
806,RAY EMERY,G,1,600000,,
807,REID BOUCHER,C,39,742500,556.533333333,14.2700854701
808,REILLY SMITH,R,82,3350000,1526.1,18.6109756098
809,RENE BOURQUE,R,49,2500000,511.716666667,10.4431972789
810,RETO BERRA,G,35,1450000,,
811,RICH CLUNE,L,19,850000,153.783333333,8.0938596491
812,RICHARD BACHMAN,G,15,575000,,
813,RICHARD PANIK,R,30,975000,325.016666667,10.8338888889
814,RICK NASH,L,60,7900000,1016.36666667,16.9394444445
815,RICKARD RAKELL,R,72,832500,1157.18333333,16.0719907407
816,RILEY NASH,C,64,1150000,829.2,12.95625
817,RILEY SHEAHAN,C,81,1050000,1233.7,15.2308641975
818,RINAT VALIEV,D,10,742500,122.5,9.1875
819,ROB KLINKHAMMER,C,14,725000,131.766666667,9.4119047619
820,ROB SCUDERI,D,63,3000000,996.033333333,11.8575396825
821,ROBBY FABBRI,C,72,925000,958.683333333,13.3150462963
822,ROBERT BORTUZZO,D,40,1050000,530.766666667,9.951875
823,ROBERTO LUONGO,G,82,6714000,,
824,ROBIN LEHNER,G,29,2025000,,
825,ROCCO GRIMALDI,C,20,925000,237.3,11.865
826,ROMAN JOSI,D,81,4000000,2064.21666667,19.113117284
827,ROMAN POLAK,D,79,3100000,1513.38333333,14.3675632911
828,ROMAN WILL,G,3,585000,,
829,RON HAINSEY,D,81,3000000,1808.3,16.7435185185
830,RONALDS KENINS,L,8,600000,91.2833333333,11.4104166667
831,ROSS JOHNSTON,L,1,620000,16.2833333333,16.2833333333
832,RYAN CALLAHAN,R,73,6400000,1258.36666667,17.2378995434
833,RYAN CARPENTER,C,1,925000,7.45,7.45
834,RYAN CARTER,C,60,625000,668.45,11.1408333333
835,RYAN DZINGEL,C,30,740000,323.933333333,10.7977777778
836,RYAN ELLIS,D,79,2000000,1650.98333333,15.673892405
837,RYAN GARBUTT,C,80,1800000,866.816666667,10.8352083333
838,RYAN GETZLAF,C,77,9250000,1501.95,19.5058441558
839,RYAN HARTMAN,R,3,925000,27.7166666667,9.2388888889
840,RYAN JOHANSEN,C,80,3000000,1405.01666667,17.5627083334
841,RYAN JOHNSTON,D,3,667500,48.8333333333,12.2083333333
842,RYAN KESLER,C,79,5000000,1543,19.5316455696
843,RYAN MCDONAGH,D,73,4500000,1631.71666667,16.7642123288
844,RYAN MILLER,G,76,6000000,,
845,RYAN MURPHY,D,35,832500,603.866666667,12.94
846,RYAN MURRAY,D,82,832500,1873.38333333,17.1346036585
847,RYAN NUGENT-HOPKINS,C,55,6000000,1048.43333333,19.0624242424
848,RYAN O'REILLY,C,71,6200000,1543.18333333,21.7349765258
849,RYAN PULOCK,D,15,925000,235.933333333,11.7966666666
850,RYAN REAVES,R,64,1125000,513.85,8.02890625
851,RYAN SPOONER,C,80,800000,1211.28333333,15.1410416666
852,RYAN STANTON,D,1,575000,8.6833333333,6.5125
853,RYAN STROME,C,71,832500,1111.7,15.6577464789
854,RYAN SUTER,D,82,9000000,2344.61666667,21.4446646342
855,RYAN WHITE,C,73,800000,917.166666667,12.5639269406
856,SAM BENNETT,C,77,925000,1166.25,15.1461038961
857,SAM CARRICK,C,3,600000,34.4,11.4666666667
858,SAM GAGNER,C,53,5000000,734.616666667,13.8606918239
859,SAM REINHART,C,79,925000,1330.05,16.8360759494
860,SAMI VATANEN,D,71,1275000,1513.28333333,15.9853873239
861,SCOTT DARLING,G,82,575000,,
862,SCOTT GOMEZ,C,34,575000,385.466666667,11.337254902
863,SCOTT HARRINGTON,D,15,575000,196.416666667,9.8208333334
864,SCOTT HARTNELL,L,79,5000000,1231.08333333,15.5833333333
865,SCOTT KOSMACHUK,R,8,742500,92.2666666667,11.5333333333
866,SCOTT LAUGHTON,L,71,832500,740.8,10.4338028169
867,SCOTT MAYFIELD,D,6,925000,102.65,12.83125
868,SCOTT WEDGEWOOD,G,5,575000,,
869,SCOTT WILSON,C,24,667500,256.45,10.6854166667
870,SCOTTIE UPSHALL,R,70,700000,766.333333333,10.9476190476
871,SEAN COLLINS,C,2,575000,17.05,8.525
872,SEAN COUTURIER,C,63,2000000,1171.85,18.6007936508
873,SEAN MONAHAN,C,81,925000,1552.76666667,19.1699588478
874,SEMYON VARLAMOV,G,74,6000000,,
875,SERGEI BOBROVSKY,G,47,8500000,,
876,SERGEI PLOTNIKOV,L,45,925000,444.533333333,9.8785185185
877,SERGEY KALININ,C,78,925000,1039.43333333,13.326068376
878,SERGEY TOLCHINSKY,L,2,625000,23.5833333333,11.7916666667
879,SETH GRIFFITH,C,4,792500,39.8666666667,9.9666666667
880,SETH HELGESON,D,19,575000,265.166666667,10.4671052632
881,SETH JONES,D,81,925000,1788.2,16.5574074074
882,SHANE DOAN,R,72,4550000,1266.85,17.5951388889
883,SHANE PRINCE,C,62,700000,696.266666667,11.2301075269
884,SHAWN HORCOFF,C,59,1750000,783.933333333,13.2870056497
885,SHAWN MATTHIAS,C,71,2300000,959.416666667,13.5129107981
886,SHAWN THORNTON,L,50,1200000,434.45,8.689
887,SHAYNE GOSTISBEHERE,D,64,925000,1285.78333333,15.0677734375
888,SHEA THEODORE,D,19,925000,363.066666667,14.3315789474
889,SHEA WEBER,D,78,14000000,1979.4,19.0326923077
890,SIDNEY CROSBY,C,80,12000000,1637.55,20.469375
891,SIMON DESPRES,D,32,900000,628.083333333,14.720703125
892,SLATER KOEKKOEK,D,9,925000,92.8166666667,7.7347222222
893,SONNY MILANO,L,3,925000,40.1333333333,13.3777777778
894,STANISLAV GALIEV,R,24,575000,218.883333333,9.1201388889
895,STEFAN ELLIOTT,D,21,650000,297.5,10.625
896,STEFAN MATTEAU,C,32,575000,329.05,10.2828125
897,STEFAN NOESEN,R,1,832500,10.0333333333,10.0333333333
898,STEPHEN GIONTA,R,82,850000,1001.26666667,12.2105691057
899,STEPHEN JOHNS,D,14,800000,249.616666667,13.3723214286
900,STEVE BERNIER,R,24,750000,269.466666667,11.2277777778
901,STEVE DOWNIE,R,26,1750000,234.05,9.0019230769
902,STEVE MASON,G,78,4100000,,
903,STEVE MICHALEK,G,3,650000,,
904,STEVE OTT,C,21,2600000,229.283333333,10.9182539682
905,STEVEN KAMPFER,D,47,600000,709.433333333,11.3207446808
906,STEVEN SANTINI,D,1,925000,14.5833333333,10.9375
907,STEVEN STAMKOS,C,77,5500000,1521.1,19.7545454545
908,STUART PERCY,D,3,832500,39.4833333333,9.8708333333
909,SVEN ANDRIGHETTO,R,44,650000,621.183333333,14.1178030303
910,SVEN BAERTSCHI,L,69,900000,928.616666667,13.4582125604
911,T.J. OSHIE,R,80,4500000,1517.06666667,18.9633333334
912,TANNER GLASS,L,57,1450000,586.3,10.2859649123
913,TANNER KERO,C,17,667500,208.983333333,12.2931372549
914,TANNER PEARSON,L,79,1250000,1142.38333333,14.4605485232
915,TAYLOR BECK,L,2,875000,16.9666666667,8.4833333334
916,TAYLOR CHORNEY,D,55,700000,725.5,9.8931818182
917,TAYLOR FEDUN,D,1,600000,18.8,14.1
918,TAYLOR HALL,L,82,6000000,1574.75,19.2042682927
919,TAYLOR LEIER,L,6,810350,46.3333333333,7.7222222222
920,TEDDY PURCELL,R,76,4500000,1279.06666667,16.8298245614
921,TEEMU PULKKINEN,L,36,735000,416.416666667,11.5671296296
922,TEUVO TERAVAINEN,L,78,925000,1196.9,15.3448717949
923,THOMAS GREISS,G,75,1000000,,
924,THOMAS HICKEY,D,62,1250000,1079.08333333,13.0534274193
925,THOMAS VANEK,L,74,6500000,1155.2,15.6108108108
926,TIM JACKMAN,R,2,700000,11.4666666667,5.7333333334
927,TIM SCHALLER,C,17,874125,141.5,8.3235294118
928,TJ BRENNAN,D,7,675000,105.683333333,11.3232142857
929,TJ BRODIE,D,70,3900000,1768.23333333,18.9453571428
930,TOBIAS LINDBERG,R,6,660000,95.0333333333,15.8388888889
931,TOBIAS RIEDER,C,82,925000,1419.05,17.3054878049
932,TOBY ENSTROM,D,72,5750000,1501.51666667,15.6407986111
933,TOM GILBERT,D,45,2800000,758.866666667,12.6477777778
934,TOM KUHNHACKL,R,42,575000,512.4,12.2
935,TOM SESTITO,L,4,575000,23.1833333333,5.7958333333
936,TOM WILSON,R,82,832500,1058.85,12.912804878
937,TOMAS FLEISCHMANN,L,76,750000,1156.23333333,15.2135964912
938,TOMAS HERTL,C,81,925000,1293.81666667,15.9730452675
939,TOMAS JURCO,R,44,850000,404.05,9.1829545455
940,TOMAS NOSEK,L,6,792500,60.8333333333,10.1388888889
941,TOMAS PLEKANEC,C,82,5000000,1519.63333333,18.5321138211
942,TOMAS TATAR,C,81,2750000,1162.45,14.3512345679
943,TOMMY CROSS,D,3,600000,39.2666666667,9.8166666667
944,TOMMY WINGELS,C,68,2475000,927.166666667,13.6348039216
945,TOREY KRUG,D,81,3400000,1750.71666667,16.2103395062
946,TORREY MITCHELL,C,71,1000000,900.683333333,12.6856807512
947,TRAVIS HAMONIC,D,72,3750000,1715.3,17.8677083333
948,TRAVIS MOEN,L,23,1850000,188.416666667,8.1920289855
949,TRAVIS ZAJAC,C,74,6500000,1469.06666667,19.8522522523
950,TREVOR CARRICK,D,2,700000,33.3166666667,12.49375
951,TREVOR DALEY,D,82,3100000,1512.18333333,13.8309451219
952,TREVOR LEWIS,C,75,1550000,1091.98333333,14.5597777777
953,TREVOR VAN RIEMSDYK,D,82,925000,1638.66666667,14.9878048781
954,TROY BROUWER,R,82,3750000,1393.56666667,16.9947154472
955,TUOMO RUUTU,R,33,5000000,379.65,11.5045454545
956,TURNER ELSON,C,1,605000,14.9,14.9
957,TUUKKA RASK,G,81,7500000,,
958,TY RATTIE,R,13,832500,120.733333333,9.2871794872
959,TYE MCGINN,L,2,625000,17.0833333333,8.5416666667
960,TYLER BOZAK,C,57,5000000,988.466666667,17.3415204678
961,TYLER ENNIS,C,23,4750000,415.566666667,18.068115942
962,TYLER GAUDET,C,14,925000,148.4,10.6
963,TYLER GRAOVAC,C,2,782500,23.2166666667,11.6083333334
964,TYLER JOHNSON,C,69,3200000,1182.61666667,17.1393719807
965,TYLER KENNEDY,C,50,600000,671.25,13.425
966,TYLER MYERS,D,73,5000000,1651.13333333,16.9636986301
967,TYLER RANDELL,R,27,600000,188.533333333,6.9827160494
968,TYLER SEGUIN,C,72,6000000,1399.85,19.4423611111
969,TYLER TOFFOLI,C,82,2600000,1419.65,17.312804878
970,TYLER WOTHERSPOON,D,11,925000,155.866666667,10.6272727273
971,TYSON BARRIE,D,78,3200000,1809.56666667,17.3996794872
972,TYSON STRACHAN,D,2,650000,15.1,5.6625
973,VALERI NICHUSHKIN,R,79,925000,1100.6,13.9316455696
974,VALTTERI FILPPULA,C,76,6000000,1387.51666667,18.2567982457
975,VERNON FIDDLER,L,82,1500000,954.5,11.6402439024
976,VICTOR BARTLEY,D,10,800000,133.183333333,9.98875
977,VICTOR HEDMAN,D,78,5750000,1799.16666667,17.2996794872
978,VICTOR RASK,C,80,750000,1358.65,16.983125
979,VIKTOR ARVIDSSON,L,56,640000,694.466666667,12.4011904762
980,VIKTOR LOOV,D,4,692500,41.8333333333,7.84375
981,VIKTOR STALBERG,L,75,3500000,915.233333333,12.2031111111
982,VIKTOR SVEDBERG,D,27,575000,425.333333333,11.8148148148
983,VIKTOR TIKHONOV,R,50,1040000,571.716666667,11.4343333333
984,VINCENT HINOSTROZA,C,7,667500,60.8333333333,8.6904761905
985,VINCENT LECAVALIER,C,49,4500000,648.766666667,13.2401360544
986,VINCENT TROCHECK,C,76,600000,1350.53333333,17.7701754386
987,VLADIMIR TARASENKO,R,80,8000000,1491.01666667,18.6377083334
988,VLADISLAV NAMESTNIKOV,C,80,874125,1129.26666667,14.1158333334
989,VOJTECH MOZIK,D,7,667500,92.6833333333,9.9303571429
990,WAYNE SIMMONDS,R,81,3800000,1395.96666667,17.2341563786
991,WILLIAM KARLSSON,C,81,925000,1172.06666667,14.4699588478
992,WILLIAM NYLANDER,C,22,925000,359.433333333,16.3378787879
993,WILLIE MITCHELL,D,46,4250000,916.566666667,14.9440217391
994,XAVIER OUELLET,D,5,650000,81.2166666667,12.1825
995,YANN DANIS,G,7,575000,,
996,YANNI GOURDE,C,2,600000,14.6333333333,7.3166666667
997,YANNICK WEBER,D,45,1500000,847.35,14.1225
998,ZAC DALPE,C,2,600000,20.5,10.25
999,ZAC RINALDO,C,52,850000,431.383333333,8.2958333333
1000,ZACH BOGOSIAN,D,64,5250000,1430.25,16.7607421875
1001,ZACH HYMAN,C,16,900000,250.983333333,15.6864583333
1002,ZACH PARISE,L,70,9000000,1350.43333333,19.2919047619
1003,ZACH REDMOND,D,37,800000,435.816666667,8.8341216216
1004,ZACH SILL,C,10,575000,99.3333333333,9.9333333333
1005,ZACH TROTMAN,D,38,650000,705.05,13.9154605263
1006,ZACHARY FUCALE,G,3,742500,,
1007,ZACK KASSIAN,R,36,2000000,448.266666667,12.4518518519
1008,ZACK SMITH,C,81,2000000,1247.38333333,15.3997942386
1009,ZBYNEK MICHALEK,D,70,3200000,1191.15,12.7623214286
1010,ZDENO CHARA,D,80,7000000,1927.75,18.07265625
1011,ZEMGUS GIRGENSONS,C,71,832500,1067.56666667,15.0361502348
