,Equilibrium ratio,Adjusted CF
AARON EKBLAD,2.818515162058136e-13,2.818515162057342e-13
AARON NESS,-1.911928688455675e-12,-1.9119286884593304e-12
ADAM CLENDENING,5.205931951528849e-13,5.205931951526138e-13
ADAM CRACKNELL,-7.896585539320447e-13,-7.896585539326683e-13
ADAM HENRIQUE,-2.0273026150614132e-13,-2.0273026150618241e-13
ADAM LARSSON,-6.687331894836279e-15,-6.687331894836323e-15
ADAM LOWRY,-2.1281782420861338e-14,-2.1281782420861792e-14
ADAM MCQUAID,1.9494837669620409e-13,1.9494837669616607e-13
ADAM PARDY,3.8720616170578436e-13,3.872061617056344e-13
ADAM PELECH,-6.353258966417278e-13,-6.353258966421315e-13
ALAN QUINE,-1.1123967347845092e-12,-1.1123967347857467e-12
ALEC MARTINEZ,-4.641634163615391e-14,-4.641634163615606e-14
ALEKSANDER BARKOV,5.481356632082153e-13,5.481356632079148e-13
ALES HEMSKY,-3.609952963591406e-13,-3.6099529635927095e-13
ALEX BIEGA,1.783560329456221e-13,1.783560329455903e-13
ALEX CHIASSON,3.349569830587973e-13,3.349569830586851e-13
ALEX FRIESEN,-9.098455839166608e-12,-9.09845583924939e-12
ALEX GALCHENYUK,-1.18507168943806e-12,-1.1850716894394644e-12
ALEX GOLIGOSKI,-2.3730265240215443e-13,-2.3730265240221073e-13
ALEX GRANT,-1.5517545422580195e-12,-1.5517545422604276e-12
ALEX KHOKHLACHEV,-9.413563627739966e-13,-9.413563627748827e-13
ALEX KILLORN,5.701344886650805e-14,5.70134488665048e-14
ALEX OVECHKIN,1.612095080637168e-12,1.6120950806345693e-12
ALEX PETROVIC,-7.280440966349506e-14,-7.280440966350037e-14
ALEX PIETRANGELO,-1.3311218989044138e-13,-1.331121898904591e-13
ALEX TANGUAY,7.001718202079808e-13,7.001718202074906e-13
ALEXANDER BURMISTROV,-1.2190681136000497e-14,-1.2190681136000646e-14
ALEXANDER EDLER,-4.457740871311594e-13,-4.457740871313581e-13
ALEXANDER SEMIN,2.132526211282189e-12,2.1325262112776414e-12
ALEXANDER STEEN,-7.306987995355993e-14,-7.306987995356527e-14
ALEXANDER WENNBERG,5.512498348959373e-13,5.512498348956334e-13
ALEXANDRE BURROWS,-1.244752049914602e-13,-1.244752049914757e-13
ALEXANDRE GRENIER,6.197654152037546e-13,6.197654152033705e-13
ALEXEI EMELIN,-3.1042493743712804e-13,-3.104249374372244e-13
ALEXEY MARCHENKO,-5.968432162611979e-13,-5.968432162615541e-13
ANDERS LEE,1.3918686163691876e-12,1.3918686163672505e-12
ANDRE BENOIT,-7.559528387170374e-13,-7.559528387176088e-13
ANDRE BURAKOVSKY,5.929585283475118e-13,5.929585283471603e-13
ANDREAS ATHANASIOU,-2.1054969899239948e-13,-2.105496989924438e-13
ANDREAS MARTINSEN,7.902818825133138e-13,7.902818825126893e-13
ANDREI MARKOV,-4.1011714932025125e-14,-4.1011714932026804e-14
ANDREJ NESTRASIL,-1.1357606124929063e-12,-1.1357606124941964e-12
ANDREJ SEKERA,1.3115171011116467e-14,1.3115171011116295e-14
ANDREJ SUSTR,9.893931987169265e-14,9.893931987168285e-14
ANDREW AGOZZINO,-1.5746685442774573e-12,-1.5746685442799368e-12
ANDREW BODNARCHUK,2.722841849874051e-13,2.7228418498733097e-13
ANDREW CAMPBELL,-4.879861963666684e-12,-4.879861963690497e-12
ANDREW COGLIANO,2.572457708241644e-13,2.572457708240982e-13
ANDREW COPP,-7.053748183423122e-13,-7.053748183428097e-13
ANDREW DESJARDINS,1.2515345908538085e-12,1.2515345908522422e-12
ANDREW FERENCE,4.4105581604169067e-13,4.410558160414962e-13
ANDREW LADD,1.290933071821965e-13,1.2909330718217984e-13
ANDREW MACDONALD,7.716262795821188e-14,7.716262795820592e-14
ANDREW MILLER,2.7780126266991014e-12,2.778012626691384e-12
ANDREW SHAW,-9.963396947415353e-13,-9.963396947425279e-13
ANDREY PEDAN,1.3419961098929677e-12,1.3419961098911668e-12
ANDY ANDREOFF,-1.1598327871986105e-13,-1.159832787198745e-13
ANDY GREENE,-8.926000502694053e-14,-8.92600050269485e-14
ANTHONY BITETTO,-1.127691791036922e-12,-1.1276917910381936e-12
ANTHONY DUCLAIR,3.6478842255232733e-13,3.6478842255219425e-13
ANTHONY MANTHA,2.963119894921179e-12,2.9631198949123985e-12
ANTHONY PELUSO,-4.781471874860477e-13,-4.781471874862763e-13
ANTOINE ROUSSEL,-2.345026651398433e-13,-2.345026651398983e-13
ANTOINE VERMETTE,5.428721814157357e-13,5.42872181415441e-13
ANTON LANDER,-7.370568363607622e-14,-7.370568363608164e-14
ANTON SLEPYSHEV,1.5485176590543442e-13,1.5485176590541047e-13
ANTON STRALMAN,-3.195292304131094e-13,-3.195292304132115e-13
ANZE KOPITAR,9.948045296868328e-13,9.948045296858432e-13
ARTEM ANISIMOV,-1.5804196041482906e-13,-1.5804196041485405e-13
ARTEMI PANARIN,-1.0716315506976065e-12,-1.0716315506987548e-12
AUSTIN WATSON,1.1635499023491765e-13,1.1635499023490412e-13
BARCLAY GOODROW,5.709116026391203e-13,5.709116026387944e-13
BARRET JACKMAN,-8.344216628027365e-13,-8.344216628034329e-13
BEAU BENNETT,1.0267643543949496e-12,1.0267643543938954e-12
BEN CHIAROT,-3.394021579676375e-14,-3.3940215796764904e-14
BEN HARPUR,8.646952759411064e-13,8.646952759403588e-13
BEN HUTTON,8.738844119722495e-13,8.738844119714857e-13
BEN LOVEJOY,1.8016876752076632e-13,1.8016876752073388e-13
BEN SMITH,-5.555820153978555e-13,-5.555820153981642e-13
BEN STREET,1.3076908933055511e-12,1.3076908933038412e-12
BENOIT POULIOT,4.270050635237117e-15,4.270050635237099e-15
BLAKE COMEAU,6.290948258201937e-14,6.290948258201542e-14
BLAKE PIETILA,-1.1988961081350877e-13,-1.1988961081352313e-13
BLAKE WHEELER,-1.780853567910634e-14,-1.7808535679106656e-14
BO HORVAT,2.2388728359716862e-13,2.2388728359711851e-13
BOBBY FARNHAM,-2.3260499602997906e-13,-2.326049960300332e-13
BOBBY RYAN,-3.9907954684084224e-13,-3.9907954684100153e-13
BOONE JENNER,7.148835221167625e-13,7.148835221162514e-13
BORNA RENDULIC,-6.042905295367717e-12,-6.042905295404234e-12
BOYD GORDON,-5.2525828924922724e-14,-5.252582892492548e-14
BRACKEN KEARNS,-2.693596955867841e-12,-2.6935969558750968e-12
BRAD BOYES,-3.0300798499875736e-12,-3.030079849996755e-12
BRAD HUNT,2.1974742779162765e-12,2.1974742779114475e-12
BRAD MALONE,-3.2202778448399763e-13,-3.2202778448410133e-13
BRAD MARCHAND,3.2544530492815277e-13,3.2544530492804685e-13
BRAD RICHARDS,-1.5305313615998558e-12,-1.5305313616021984e-12
BRAD RICHARDSON,3.652703317832723e-13,3.6527033178313886e-13
BRAD STUART,-2.5288193729492296e-12,-2.5288193729556245e-12
BRADY SKJEI,-2.3844710529872756e-13,-2.384471052987844e-13
BRANDON BOLLIG,3.9587643118794437e-13,3.9587643118778766e-13
BRANDON DAVIDSON,-1.8282653731595874e-13,-1.8282653731599216e-13
BRANDON DUBINSKY,-2.2149248238023135e-13,-2.214924823802804e-13
BRANDON GORMLEY,1.0395783418246648e-12,1.039578341823584e-12
BRANDON MANNING,1.1850025041045656e-13,1.185002504104425e-13
BRANDON MASHINTER,-4.5072643032282727e-13,-4.5072643032303043e-13
BRANDON PIRRI,-2.2765573233247006e-13,-2.276557323325219e-13
BRANDON PRUST,-1.342885645312389e-12,-1.3428856453141923e-12
BRANDON SAAD,-1.75473996778084e-13,-1.754739967781148e-13
BRANDON SUTTER,5.960402722258811e-13,5.960402722255259e-13
BRANDON TANEV,2.1400097596266885e-12,2.1400097596221087e-12
BRAYDEN MCNABB,8.766209456671412e-13,8.766209456663727e-13
BRAYDEN SCHENN,2.647740344879359e-13,2.647740344878658e-13
BRAYDON COBURN,4.9719174242767285e-14,4.971917424276481e-14
BRENDAN GALLAGHER,2.4130377558235247e-13,2.413037755822942e-13
BRENDAN GAUNCE,1.2642394284400353e-12,1.2642394284384369e-12
BRENDAN LEIPSIC,-6.751055143675945e-12,-6.7510551437215216e-12
BRENDAN SMITH,3.519461668273656e-13,3.519461668272418e-13
BRENDAN WOODS,5.5327132782424535e-12,5.532713278211843e-12
BRENDEN DILLON,1.0098364807769277e-13,1.0098364807768257e-13
BRENT BURNS,1.3817008674928187e-12,1.3817008674909095e-12
BRENT REGNER,-4.9512728173082415e-14,-4.9512728173084864e-14
BRENT SEABROOK,5.5001518611949227e-14,5.50015186119462e-14
BRETT BULMER,5.490967204661125e-12,5.490967204630974e-12
BRETT CONNOLLY,8.070459363594467e-14,8.070459363593817e-14
BRETT KULAK,-1.2557583397035334e-11,-1.2557583397193026e-11
BRETT LERNOUT,-5.211992599546389e-11,-5.2119925998180376e-11
BRETT PESCE,-7.327740249624164e-14,-7.3277402496247e-14
BRETT RITCHIE,-2.015039205903086e-12,-2.0150392059071466e-12
BRIAN BOYLE,2.8494329630730265e-13,2.8494329630722147e-13
BRIAN CAMPBELL,1.0541283930541167e-12,1.0541283930530056e-12
BRIAN DUMOULIN,3.7487487818273733e-13,3.7487487818259683e-13
BRIAN FLYNN,-7.500502067869205e-13,-7.500502067874832e-13
BRIAN GIONTA,-3.2822727336445607e-13,-3.282272733645638e-13
BRIAN O'NEILL,3.718765359741513e-13,3.7187653597401297e-13
BRIAN STRAIT,1.19050672166038e-13,1.1905067216602383e-13
BROCK MCGINN,1.917807963624325e-12,1.917807963620647e-12
BROCK NELSON,-4.07836454029221e-13,-4.078364540293873e-13
BRODY SUTTER,3.125958928865175e-13,3.1259589288641976e-13
BROOKS LAICH,-1.590372349804625e-13,-1.590372349804878e-13
BROOKS ORPIK,-2.0438711258459583e-13,-2.043871125846376e-13
BRYAN BICKELL,-4.3121287771434716e-12,-4.312128777162066e-12
BRYAN LERG,4.4892458689731884e-14,4.489245868972987e-14
BRYAN LITTLE,-2.282980903559322e-14,-2.282980903559374e-14
BRYAN RUST,-4.273879095515578e-13,-4.2738790955174045e-13
BUD HOLLOWAY,-1.52310870304504e-11,-1.5231087030682387e-11
BUDDY ROBINSON,-1.4855689167334476e-12,-1.4855689167356545e-12
BYRON FROESE,-1.7117881348945572e-12,-1.7117881348974873e-12
CAL CLUTTERBUCK,9.214931530167141e-14,9.214931530166292e-14
CAL O'REILLY,1.5348707920767996e-12,1.5348707920744438e-12
CALLE JARNKROK,2.5883355398906684e-14,2.5883355398906012e-14
CALVIN DE HAAN,-2.0534876835961318e-13,-2.0534876835965537e-13
CAM ATKINSON,3.2603983100108346e-13,3.260398310009772e-13
CAM FOWLER,6.841858065697242e-13,6.841858065692562e-13
CARL GUNNARSSON,6.283899165311592e-14,6.283899165311197e-14
CARL HAGELIN,-7.362563309333005e-13,-7.362563309338427e-13
CARL SODERBERG,3.1780741910738056e-13,3.178074191072796e-13
CARLO COLAIACOVO,5.204154537062935e-13,5.204154537060227e-13
CASEY CIZIKAS,7.91507366816786e-14,7.915073668167234e-14
CASEY NELSON,-2.68804544867434e-14,-2.6880454486744122e-14
CEDRIC PAQUETTE,9.726422141656532e-13,9.726422141647073e-13
CHAD RUHWEDEL,3.687312872722813e-12,3.6873128727092174e-12
CHANDLER STEPHENSON,3.518091976134458e-12,3.518091976122081e-12
CHARLES HUDON,-3.5147188806956494e-13,-3.514718880696885e-13
CHARLIE COYLE,-1.5284937969519395e-12,-1.5284937969542756e-12
CHASE DE LEO,3.872754687722566e-11,3.8727546875725836e-11
CHRIS BIGRAS,1.408686247484454e-13,1.4086862474842557e-13
CHRIS BROWN,-1.3624880540852566e-10,-1.362488054270894e-10
CHRIS BUTLER,2.4099841083985927e-12,2.4099841083927847e-12
CHRIS HIGGINS,-2.170788560605446e-13,-2.170788560605917e-13
CHRIS KELLY,7.134645282660506e-13,7.134645282655416e-13
CHRIS KREIDER,-1.6222199818225044e-13,-1.6222199818227675e-13
CHRIS KUNITZ,1.8501833264517476e-12,1.8501833264483246e-12
CHRIS NEIL,-9.578683470265649e-13,-9.578683470274823e-13
CHRIS PORTER,-9.955091967244444e-13,-9.955091967254355e-13
CHRIS STEWART,-8.860628481882063e-13,-8.860628481889913e-13
CHRIS SUMMERS,1.517688109287692e-12,1.5176881092853886e-12
CHRIS TERRY,1.623306069913847e-12,1.6233060699112118e-12
CHRIS THORBURN,4.0695115043934383e-13,4.069511504391782e-13
CHRIS TIERNEY,2.495422590082213e-13,2.49542259008159e-13
CHRIS VANDEVELDE,-2.6387851906884666e-13,-2.638785190689163e-13
CHRIS WAGNER,1.5306589743131397e-12,1.5306589743107969e-12
CHRIS WIDEMAN,1.1148648710552285e-13,1.1148648710551042e-13
CHRISTIAN EHRHOFF,-9.017486350217151e-13,-9.017486350225282e-13
CHRISTIAN FOLIN,-8.400302586404542e-13,-8.400302586411598e-13
CHRISTIAN THOMAS,-4.674706301481339e-12,-4.674706301503193e-12
CHRISTOPH BERTSCHY,4.3477193925393075e-12,4.347719392520405e-12
CHRISTOPHER TANEV,-7.975982303921436e-14,-7.975982303922072e-14
CLARKE MACARTHUR,1.027187233582163e-12,1.0271872335811079e-12
CLAUDE GIROUX,-4.354775275192818e-14,-4.3547752751930075e-14
CLAYTON STONER,-2.262086985148305e-13,-2.2620869851488168e-13
CODY BASS,4.3461207875226523e-13,4.3461207875207635e-13
CODY CECI,-1.1487826579489446e-13,-1.1487826579490766e-13
CODY EAKIN,-1.2673590839911114e-13,-1.2673590839912722e-13
CODY FRANSON,-2.1816844019567367e-12,-2.1816844019614966e-12
CODY GOLOUBEF,4.095944147953145e-13,4.095944147951467e-13
CODY HODGSON,5.082788989285346e-13,5.082788989282763e-13
CODY MCLEOD,-1.2612991095897579e-13,-1.261299109589917e-13
COLE SCHNEIDER,5.446822872585389e-12,5.446822872555721e-12
COLIN GREENING,-9.72208389301058e-13,-9.722083893020031e-13
COLIN MCDONALD,-4.626445413597748e-12,-4.6264454136191525e-12
COLIN MILLER,-1.8837878972904697e-12,-1.8837878972940184e-12
COLIN WILSON,-7.38242063517592e-13,-7.382420635181369e-13
COLTON PARAYKO,-5.837732386929822e-13,-5.837732386933229e-13
COLTON SCEVIOUR,-6.0602270289300585e-15,-6.0602270289300956e-15
COLTON SISSONS,4.72952124978406e-13,4.729521249781823e-13
CONNOR BRICKLEY,-4.796695914573573e-12,-4.796695914596581e-12
CONNOR BROWN,9.737422839122188e-12,9.73742283902737e-12
CONNOR CARRICK,-4.3351364114289784e-12,-4.335136411447772e-12
CONNOR MCDAVID,-8.102397471436608e-13,-8.102397471443173e-13
CONNOR MURPHY,3.675594611931166e-13,3.6755946119298157e-13
CONOR SHEARY,2.299162686205205e-12,2.299162686199919e-12
CORBAN KNIGHT,-2.9648674060006208e-12,-2.964867406009411e-12
COREY PERRY,1.575515112388912e-12,1.5755151123864298e-12
COREY POTTER,2.0834099267156734e-12,2.0834099267113327e-12
CRAIG CUNNINGHAM,-8.271431927550003e-14,-8.271431927550688e-14
CRAIG SMITH,1.8617816071439986e-13,1.8617816071436522e-13
CURTIS LAZAR,-3.0434691191663556e-13,-3.0434691191672816e-13
CURTIS MCKENZIE,1.3876239841656701e-11,1.3876239841464151e-11
DAINIUS ZUBRUS,1.3574878926178748e-13,1.3574878926176905e-13
DALE WEISE,-1.5318914163569989e-12,-1.5318914163593455e-12
DALTON PROUT,-1.4606496774491025e-13,-1.4606496774493158e-13
DAMON SEVERSON,1.5475944458166985e-13,1.547594445816459e-13
DAN BOYLE,-1.5574522457500301e-12,-1.5574522457524557e-12
DAN GIRARDI,-1.0966452389466006e-13,-1.0966452389467209e-13
DAN HAMHUIS,4.1218847156630786e-13,4.1218847156613797e-13
DANIEL CARR,-2.077918228624457e-12,-2.0779182286287746e-12
DANIEL CATENACCI,2.201525975025005e-12,2.2015259750201584e-12
DANIEL PAILLE,-7.279135231179996e-13,-7.279135231185294e-13
DANIEL SEDIN,9.598547898479826e-13,9.598547898470613e-13
DANIEL SPRONG,-3.614537821856545e-12,-3.6145378218696097e-12
DANIEL WINNIK,-6.001949681968887e-13,-6.00194968197249e-13
DANNY DEKEYSER,-4.44894810180702e-14,-4.448948101807218e-14
DARNELL NURSE,-5.130513252812443e-14,-5.130513252812706e-14
DARREN DIETZ,1.7291927146318874e-12,1.7291927146288971e-12
DARREN HELM,4.338947024617361e-13,4.3389470246154786e-13
DAVE BOLLAND,-7.101284552278508e-13,-7.10128455228355e-13
DAVE DZIURZYNSKI,-7.400935818255668e-16,-7.400935818255674e-16
DAVID BACKES,-3.4792196454045375e-13,-3.479219645405748e-13
DAVID CLARKSON,1.8593237792642473e-12,1.85932377926079e-12
DAVID DESHARNAIS,-1.6356298080673999e-12,-1.635629808070075e-12
DAVID JONES,-5.410051725692215e-13,-5.410051725695142e-13
DAVID KREJCI,1.251594578574166e-12,1.2515945785725995e-12
DAVID LEGWAND,-1.0183612765855615e-13,-1.0183612765856651e-13
DAVID PASTRNAK,-1.0356508588948076e-12,-1.0356508588958802e-12
DAVID PERRON,2.165737716905254e-12,2.1657377169005636e-12
DAVID RUNDBLAD,-9.490187202024721e-12,-9.490187202114785e-12
DAVID SAVARD,-1.913652507229489e-13,-1.9136525072298552e-13
DAVID SCHLEMKO,-5.097695146559532e-13,-5.097695146562132e-13
DAVID WARSOFSKY,4.037506170934406e-12,4.037506170918105e-12
DEAN KUKAN,-6.218228518798882e-13,-6.218228518802748e-13
DENNIS EVERBERG,-9.749091506770048e-13,-9.749091506779551e-13
DENNIS RASMUSSEN,-3.0915858583477082e-12,-3.0915858583572664e-12
DENNIS SEIDENBERG,-2.3532272220530993e-13,-2.353227222053653e-13
DENNIS WIDEMAN,5.679392465046923e-13,5.679392465043696e-13
DEREK DORSETT,-2.520238453151101e-13,-2.520238453151736e-13
DEREK FORBORT,-2.501688178052213e-12,-2.5016881780584714e-12
DEREK GRANT,8.295609615879398e-13,8.295609615872516e-13
DEREK MACKENZIE,-8.355187455934927e-14,-8.355187455935625e-14
DEREK RYAN,-9.367056298301074e-13,-9.367056298309848e-13
DEREK STEPAN,1.3986686757496883e-13,1.3986686757494927e-13
DERICK BRASSARD,-1.1630799844577867e-12,-1.1630799844591394e-12
DERRICK POULIOT,-1.985567906051655e-12,-1.9855679060555974e-12
DERYK ENGELLAND,1.6517547416735115e-13,1.6517547416732386e-13
DEVANTE SMITH-PELLY,4.2394751641203015e-13,4.2394751641185046e-13
DEVIN SHORE,9.571571227892712e-13,9.57157122788355e-13
DION PHANEUF,3.691138928592374e-13,3.691138928591012e-13
DMITRIJ JASKIN,-1.2134799255388885e-12,-1.2134799255403611e-12
DMITRY KULIKOV,2.6884558845769813e-13,2.6884558845762583e-13
DMITRY ORLOV,-8.994759943787385e-13,-8.994759943795476e-13
DOMINIC MOORE,-2.848488843209358e-13,-2.8484888432101693e-13
DOMINIK SIMON,2.807387074831345e-12,2.8073870748234637e-12
DOUGIE HAMILTON,5.392024209126354e-14,5.392024209126063e-14
DREW DOUGHTY,1.3174102583032692e-12,1.3174102583015336e-12
DREW MILLER,-1.688505817776893e-13,-1.6885058177771782e-13
DREW SHORE,-2.0770362817202706e-12,-2.0770362817245847e-12
DREW STAFFORD,-5.552579346630054e-14,-5.552579346630362e-14
DUNCAN KEITH,1.986018093686967e-13,1.9860180936865727e-13
DUSTIN BROWN,5.451463850462583e-13,5.451463850459611e-13
DUSTIN BYFUGLIEN,-1.1012423518726622e-12,-1.1012423518738749e-12
DUSTIN JEFFREY,5.948412563652867e-13,5.948412563649329e-13
DWIGHT KING,9.425854681433183e-13,9.4258546814243e-13
DYLAN DEMELO,2.767943734865953e-12,2.7679437348582914e-12
DYLAN LARKIN,-8.190206672925777e-13,-8.190206672932485e-13
DYLAN MCILRATH,-5.518779134791559e-13,-5.518779134794605e-13
DYLAN OLSEN,-8.715694951207821e-13,-8.715694951215417e-13
ELIAS LINDHOLM,-1.7503688047051068e-12,-1.7503688047081705e-12
EMERSON ETEM,1.3513720079010136e-12,1.3513720078991874e-12
EMILE POIRIER,-5.6902829435778525e-12,-5.690282943610232e-12
ERIC BOULTON,-4.1642007984946186e-13,-4.164200798496353e-13
ERIC FEHR,-1.4674821670741757e-14,-1.467482167074197e-14
ERIC GELINAS,-4.41455937306496e-13,-4.4145593730669086e-13
ERIC GRYBA,-7.354962332125877e-14,-7.354962332126417e-14
ERIC NYSTROM,-1.0954463341134968e-12,-1.0954463341146967e-12
ERIC SELLECK,1.3051998804351668e-12,1.3051998804334633e-12
ERIC STAAL,-1.6444641107737516e-12,-1.6444641107764559e-12
ERIC TANGRADI,-7.525487343551074e-11,-7.525487344117404e-11
ERIK CONDRA,-6.548233457139246e-13,-6.548233457143534e-13
ERIK GUDBRANSON,-2.284212375115182e-13,-2.2842123751157034e-13
ERIK GUSTAFSSON,1.61893062212195e-12,1.6189306221193292e-12
ERIK HAULA,-1.96710981193376e-12,-1.9671098119376294e-12
ERIK JOHNSON,9.200668892939742e-14,9.200668892938896e-14
ERIK KARLSSON,-3.692821568012424e-14,-3.6928215680125605e-14
ESA LINDELL,-4.890306308796169e-12,-4.890306308820083e-12
EVAN RODRIGUES,7.16323493039722e-11,7.163234929884101e-11
EVANDER KANE,-7.118257619762947e-14,-7.118257619763453e-14
EVGENI MALKIN,1.936379917816814e-12,1.936379917813064e-12
EVGENY KUZNETSOV,4.4830969974052294e-13,4.4830969974032195e-13
EVGENY MEDVEDEV,-4.503294994182057e-12,-4.503294994202337e-12
FEDOR TYUTIN,1.896368766059447e-14,1.8963687660594114e-14
FILIP FORSBERG,-2.0028164849782322e-13,-2.0028164849786333e-13
FRANCOIS BEAUCHEMIN,8.215217167225285e-14,8.21521716722461e-14
FRANK CORRADO,7.742686666237144e-14,7.742686666236544e-14
FRANK VATRANO,-3.0244323446326326e-12,-3.02443234464178e-12
FRANS NIELSEN,9.994445151855196e-14,9.994445151854198e-14
FREDDIE HAMILTON,3.1365006764573163e-12,3.1365006764474782e-12
FREDERIK GAUTHIER,-5.183040900952378e-13,-5.183040900955064e-13
FREDRIK CLAESSON,-1.4105714209525222e-13,-1.410571420952721e-13
GABRIEL BOURQUE,3.2849500618540217e-13,3.284950061852943e-13
GABRIEL LANDESKOG,-1.5742973521788858e-14,-1.5742973521789107e-14
GARNET HATHAWAY,1.334639477074227e-12,1.3346394770724456e-12
GARRETT WILSON,4.185311519461878e-12,4.185311519444361e-12
GREG MCKEGG,3.2093750161021455e-12,3.2093750160918454e-12
GREG PATERYN,-1.2272396776114372e-13,-1.2272396776115877e-13
GREGORY CAMPBELL,-6.455873693960731e-14,-6.455873693961147e-14
GRIFFIN REINHART,8.753944487357806e-13,8.753944487350144e-13
GUSTAV NYQUIST,-7.174659343129014e-12,-7.17465934318049e-12
GUSTAV OLOFSSON,7.558845512821422e-12,7.558845512764285e-12
HAMPUS LINDHOLM,-3.5694429013812933e-13,-3.5694429013825676e-13
HARRY ZOLNIERCZYK,3.353387387059611e-11,3.353387386947159e-11
HENRIK SEDIN,4.829664669765438e-13,4.829664669763106e-13
HENRIK ZETTERBERG,-2.843737911641174e-13,-2.8437379116419826e-13
HUDSON FASCHING,-3.920250588786953e-12,-3.9202505888023215e-12
HUNTER SHINKARUK,1.3470310797821379e-12,1.3470310797803236e-12
IAN COLE,-6.903963383245951e-13,-6.903963383250718e-13
IIRO PAKARINEN,-1.241184118441871e-13,-1.241184118442025e-13
J.T. BROWN,1.045902104785106e-12,1.0459021047840122e-12
J.T. MILLER,-1.7778786725798797e-12,-1.7778786725830406e-12
JACCOB SLAVIN,-4.0396328793413947e-13,-4.039632879343027e-13
JACK EICHEL,-1.5494211443652529e-13,-1.549421144365493e-13
JACK JOHNSON,-6.905838163619757e-13,-6.905838163624526e-13
JACK SKILLE,-5.733709274411563e-14,-5.733709274411892e-14
JACOB DE LA ROSE,-1.199118935504335e-13,-1.199118935504479e-13
JACOB JOSEFSON,-3.9767844338476754e-13,-3.9767844338492566e-13
JACOB TROUBA,2.534541231269871e-13,2.5345412312692286e-13
JADEN SCHWARTZ,-8.019464666153352e-13,-8.019464666159783e-13
JAKE GARDINER,2.236368757551916e-12,2.2363687575469146e-12
JAKE MCCABE,-5.79624159609206e-13,-5.796241596095419e-13
JAKE MUZZIN,9.748580938602849e-13,9.748580938593347e-13
JAKE VIRTANEN,-5.320183994325015e-13,-5.320183994327845e-13
JAKOB SILFVERBERG,-1.4086855359767784e-13,-1.4086855359769768e-13
JAKUB KINDL,1.5475143876506558e-12,1.547514387648261e-12
JAKUB NAKLADAL,2.1641517864131655e-13,2.164151786412697e-13
JAKUB VORACEK,-2.9462377531413748e-12,-2.946237753150055e-12
JAMES NEAL,-2.6713156900805106e-13,-2.671315690081224e-13
JAMES VAN RIEMSDYK,5.5329971790165386e-12,5.532997178985925e-12
JAMES WISNIEWSKI,900.0000000020165,0.9988901220865729
JAMIE BENN,-1.1418327966624363e-12,-1.14183279666374e-12
JAMIE MCBAIN,-1.6411261674868042e-12,-1.6411261674894976e-12
JAMIE MCGINN,1.4317418132468637e-12,1.4317418132448137e-12
JAMIE OLEKSIAK,-3.064042006584649e-12,-3.0640420065940373e-12
JANNIK HANSEN,-8.964336239798893e-15,-8.964336239798974e-15
JARED BOLL,6.629494148445612e-13,6.629494148441217e-13
JARED COWEN,-3.319399512270488e-13,-3.31939951227159e-13
JARED MCCANN,5.1301271063736577e-14,5.1301271063733945e-14
JARED SPURGEON,-3.887305598705845e-12,-3.887305598720956e-12
JAROME IGINLA,9.796277533269328e-13,9.796277533259731e-13
JAROMIR JAGR,2.471104994144547e-13,2.471104994143936e-13
JARRED TINORDI,-6.34512629921762e-13,-6.345126299221646e-13
JARRET STOLL,-2.245151205112995e-14,-2.2451512051130456e-14
JASON CHIMERA,-4.0567684061569304e-13,-4.0567684061585763e-13
JASON DEMERS,-7.450847452783612e-13,-7.450847452789163e-13
JASON DICKINSON,1.6697262411368332e-11,1.6697262411089533e-11
JASON GARRISON,-9.279827340585856e-14,-9.279827340586716e-14
JASON POMINVILLE,-9.494495874927133e-12,-9.494495875017278e-12
JASON SPEZZA,-1.8813522140283332e-12,-1.8813522140318726e-12
JASON ZUCKER,-8.859320194390524e-12,-8.859320194469012e-12
JAY BEAGLE,4.4252949375714215e-13,4.425294937569463e-13
JAY BOUWMEESTER,-7.364199649932159e-13,-7.364199649937582e-13
JAY MCCLEMENT,-8.108667156372625e-13,-8.1086671563792e-13
JAYSON MEGNA,-7.499009075737914e-12,-7.499009075794149e-12
JC LIPON,2.06392285841341e-11,2.0639228583708122e-11
JEAN-GABRIEL PAGEAU,-2.4910749817221934e-14,-2.4910749817222552e-14
JEFF CARTER,1.5796834504608098e-12,1.5796834504583146e-12
JEFF PETRY,-4.1427988839848865e-13,-4.142798883986603e-13
JEFF SCHULTZ,9.291216602779287e-12,9.29121660269296e-12
JEFF SKINNER,-1.0137527651371287e-12,-1.0137527651381564e-12
JEREMY WELSH,1.6814514608498165e-10,1.6814514605670888e-10
JESPER FAST,1.0721620692435703e-13,1.0721620692434553e-13
JIM O'BRIEN,-3.634135782240543e-12,-3.6341357822537496e-12
JIMMY HAYES,-1.8840266981129156e-12,-1.884026698116465e-12
JIRI HUDLER,2.1663487664734033e-12,2.1663487664687104e-12
JIRI SEKAC,-1.05317773833126e-12,-1.0531777383323691e-12
JIRI TLUSTY,-2.0441755567928606e-12,-2.0441755567970394e-12
JOAKIM ANDERSSON,1.2002431363354773e-11,1.2002431363210714e-11
JOAKIM NORDSTROM,-5.131650541716107e-13,-5.13165054171874e-13
JOE COLBORNE,5.294046112407601e-13,5.294046112404799e-13
JOE MORROW,-2.639711056145089e-12,-2.639711056152057e-12
JOE PAVELSKI,4.8531693800420855e-12,4.853169380018532e-12
JOE THORNTON,6.531217813755472e-12,6.5312178137128145e-12
JOE VITALE,-4.778797364226706e-13,-4.778797364228989e-13
JOEL ARMIA,-6.637410537428892e-13,-6.637410537433298e-13
JOEL EDMUNDSON,1.6484880241165493e-12,1.648488024113832e-12
JOEL HANLEY,1.9663802827850807e-12,1.966380282781214e-12
JOEL VERMIN,4.817688557791409e-12,4.817688557768199e-12
JOEL WARD,1.6240479894604788e-12,1.6240479894578414e-12
JOFFREY LUPUL,7.313672546441663e-13,7.313672546436314e-13
JOHAN FRANZEN,1.7527547880159103e-11,1.752754787985189e-11
JOHAN LARSSON,-7.495030821600258e-13,-7.495030821605876e-13
JOHN CARLSON,4.286555042568214e-13,4.286555042566377e-13
JOHN KLINGBERG,-5.553443159299993e-13,-5.553443159303077e-13
JOHN MCCARTHY,7.317410873838328e-12,7.317410873784782e-12
JOHN MCFARLAND,3.572381989605195e-12,3.5723819895924326e-12
JOHN MITCHELL,7.788175300120015e-14,7.788175300119408e-14
JOHN MOORE,-6.705920655432991e-13,-6.705920655437487e-13
JOHN RAMAGE,8.702964931160018e-13,8.702964931152445e-13
JOHN SCOTT,1.3387715676152268e-12,1.3387715676134345e-12
JOHN TAVARES,2.0444223069136374e-12,2.044422306909458e-12
JOHN-MICHAEL LILES,9.567864705947943e-14,9.567864705947028e-14
JOHNNY BOYCHUK,1.4814283104408335e-13,1.4814283104406142e-13
JOHNNY GAUDREAU,2.0447647972743213e-12,2.0447647972701402e-12
JOHNNY ODUYA,-2.1917931777523398e-13,-2.1917931777528202e-13
JON MERRILL,-8.073260222030165e-13,-8.073260222036683e-13
JONAS BRODIN,-3.5883991641628304e-13,-3.588399164164118e-13
JONATHAN DROUIN,-2.9558432607114767e-12,-2.955843260720214e-12
JONATHAN ERICSSON,3.172703527849763e-14,3.172703527849662e-14
JONATHAN HUBERDEAU,1.6620892928306558e-12,1.6620892928278934e-12
JONATHAN MARCHESSAULT,4.463279856075882e-12,4.463279856055961e-12
JONATHAN TOEWS,-7.803950018213206e-14,-7.803950018213815e-14
JOONAS DONSKOI,2.6081656425181745e-12,2.608165642511372e-12
JOONAS KEMPPAINEN,-1.4710046171128037e-12,-1.4710046171149676e-12
JORDAN CARON,-2.4701786576581968e-11,-2.4701786577192146e-11
JORDAN EBERLE,1.6645825294404594e-12,1.6645825294376885e-12
JORDAN MARTINOOK,4.4926869074988823e-13,4.4926869074968644e-13
JORDAN NOLAN,-1.164174324873497e-12,-1.1641743248748523e-12
JORDAN OESTERLE,5.023389283117361e-12,5.023389283092127e-12
JORDAN SCHROEDER,-2.761312326071528e-12,-2.7613123260791526e-12
JORDAN STAAL,6.418943593208782e-13,6.418943593204662e-13
JORDAN WEAL,-4.1051766349187705e-12,-4.105176634935623e-12
JORDIE BENN,-1.077656144320995e-12,-1.0776561443221564e-12
JORDIN TOOTOO,-2.216438076644066e-12,-2.2164380766489788e-12
JORI LEHTERA,4.291467287326038e-13,4.2914672873241964e-13
JOSEPH BLANDISI,1.3774748070901808e-12,1.3774748070882833e-12
JOSH ANDERSON,4.657203711694031e-12,4.657203711672342e-12
JOSH ARCHIBALD,3.6145315393353374e-11,3.614531539204689e-11
JOSH BAILEY,7.064073172001809e-13,7.06407317199682e-13
JOSH GORGES,2.5246356383495233e-13,2.524635638348886e-13
JOSH JOORIS,-2.849995155780778e-14,-2.8499951557808596e-14
JOSH LEIVO,-7.646560658726572e-12,-7.646560658785042e-12
JOSH MANSON,8.973335456643702e-13,8.97333545663565e-13
JOSHUA MORRISSEY,-3.255401699352022e-11,-3.255401699457999e-11
JUJHAR KHAIRA,-1.0820532132323816e-11,-1.08205321324409e-11
JULIAN MELCHIORI,1.0299775817485008e-13,1.0299775817483946e-13
JUSSI JOKINEN,1.0409880168835888e-12,1.0409880168825051e-12
JUSTIN ABDELKADER,1.3503968366565316e-13,1.3503968366563494e-13
JUSTIN BAILEY,1.3569011761887178e-13,1.3569011761885338e-13
JUSTIN BRAUN,1.099925291872647e-12,1.0999252918714371e-12
JUSTIN FALK,1.598112564828722e-12,1.5981125648261682e-12
JUSTIN FAULK,-1.9453007930078474e-12,-1.9453007930116315e-12
JUSTIN FONTAINE,-2.83719028427846e-12,-2.8371902842865097e-12
JUSTIN SCHULTZ,-1.2026651432289469e-12,-1.2026651432303932e-12
JUSTIN WILLIAMS,2.093742858769339e-13,2.0937428587689006e-13
JYRKI JOKIPAKKA,3.710058578374766e-13,3.7100585783733893e-13
KAEL MOUILLIERAT,-3.918428574859993e-12,-3.9184285748753464e-12
KARL ALZNER,2.1643915772053685e-13,2.1643915772049e-13
KASPERI KAPANEN,-1.4909870822586806e-11,-1.490987082280911e-11
KEITH YANDLE,-2.9298629994494482e-12,-2.9298629994580322e-12
KENNY AGOSTINO,-2.2566055400732776e-13,-2.256605540073787e-13
KERBY RYCHEL,-1.5631438679689958e-12,-1.5631438679714394e-12
KEVAN MILLER,-7.645773188289136e-13,-7.645773188294982e-13
KEVIN BIEKSA,3.9809733082333794e-13,3.9809733082317946e-13
KEVIN CONNAUTON,4.318939110292469e-12,4.318939110273815e-12
KEVIN FIALA,5.635222321379198e-12,5.635222321347442e-12
KEVIN GRAVEL,2.468677601535019e-12,2.4686776015289248e-12
KEVIN HAYES,-3.4041065898450604e-12,-3.4041065898566482e-12
KEVIN KLEIN,-2.326766277005042e-13,-2.3267662770055835e-13
KEVIN PORTER,-1.6244949890755356e-12,-1.6244949890781745e-12
KEVIN SHATTENKIRK,-7.429459642166545e-14,-7.429459642167097e-14
KLAS DAHLBECK,1.606182486580505e-13,1.6061824865802472e-13
KORBINIAN HOLZER,-1.5575732861758576e-13,-1.5575732861761002e-13
KRIS LETANG,-2.11627936888266e-13,-2.116279368883108e-13
KRIS RUSSELL,2.6949406078849002e-14,2.694940607884828e-14
KRIS VERSTEEG,-9.590358762769948e-13,-9.590358762779144e-13
KURTIS GABRIEL,1.2775567762140551e-11,1.2775567761977337e-11
KYLE BAUN,1.1681273187866582e-11,1.168127318773013e-11
KYLE BRODZIAK,3.404815254878183e-13,3.404815254877024e-13
KYLE CHIPCHURA,-6.325362595926366e-13,-6.325362595930366e-13
KYLE CLIFFORD,-9.072836257080196e-13,-9.072836257088427e-13
KYLE OKPOSO,1.7565642010400014e-12,1.7565642010369159e-12
KYLE PALMIERI,-5.138334792105081e-14,-5.138334792105345e-14
KYLE QUINCEY,3.7755525295795136e-13,3.7755525295780884e-13
KYLE RAU,-7.178761929633106e-14,-7.178761929633623e-14
KYLE TURRIS,-1.0451520981914102e-12,-1.0451520981925026e-12
LADISLAV SMID,-5.482729059449556e-13,-5.482729059452562e-13
LANCE BOUMA,2.369888622705805e-13,2.3698886227052436e-13
LANDON FERRARO,-1.0900610079021041e-12,-1.0900610079032924e-12
LARS ELLER,-1.4327429615095303e-13,-1.4327429615097355e-13
LAURENT DAUPHIN,-2.5946533287277326e-12,-2.5946533287344648e-12
LAURI KORPIKOSKI,-1.084677857718353e-13,-1.0846778577184706e-13
LEE STEMPNIAK,1.856247335271029e-13,1.8562473352706844e-13
LEO KOMAROV,3.3867137271144897e-12,3.3867137271030202e-12
LEON DRAISAITL,2.250415381048975e-12,2.2504153810439104e-12
LINDEN VEY,2.5043020648438834e-12,2.504302064837612e-12
LOGAN COUTURE,5.272931231052732e-12,5.272931231024929e-12
LOGAN SHAW,2.860691242199151e-13,2.860691242198333e-13
LOUI ERIKSSON,1.2628353819282807e-12,1.2628353819266861e-12
LUCA SBISA,5.450689524705938e-13,5.450689524702967e-13
LUCAS LESSIO,-1.5845724399820065e-12,-1.5845724399845175e-12
LUKE GAZDIC,-1.2594653294751875e-11,-1.2594653294910501e-11
LUKE GLENDENING,-5.5416567297202676e-14,-5.541656729720574e-14
LUKE SCHENN,-1.1121521103987927e-13,-1.1121521103989164e-13
LUKE WITKOWSKI,1.2242710288785116e-11,1.2242710288635233e-11
MAGNUS PAAJARVI,-1.0461466338796159e-12,-1.0461466338807102e-12
MARC METHOT,5.861802403607334e-13,5.861802403603898e-13
MARC STAAL,-7.983946382977229e-14,-7.983946382977866e-14
MARC-ANDRE GRAGNANI,-2.753703421948914e-11,-2.753703422024743e-11
MARC-EDOUARD VLASIC,9.363857707868757e-13,9.363857707859988e-13
MARCO SCANDELLA,-1.595406608811468e-12,-1.5954066088140133e-12
MARCUS FOLIGNO,6.500383168344488e-13,6.500383168340262e-13
MARCUS JOHANSSON,1.0452565360832573e-12,1.0452565360821647e-12
MARCUS KRUGER,-4.215558456171077e-13,-4.215558456172854e-13
MAREK HRIVIK,7.443809641313333e-13,7.443809641307793e-13
MAREK ZIDLICKY,-5.6042368206708575e-12,-5.6042368207022645e-12
MARIAN GABORIK,4.672902039273841e-12,4.6729020392520045e-12
MARIAN HOSSA,6.74588565617671e-13,6.745885656172159e-13
MARK ARCOBELLO,-1.811923314791194e-11,-1.8119233148240247e-11
MARK BARBERIO,1.8770001244405063e-12,1.877000124436983e-12
MARK BOROWIECKI,-3.7491801619431246e-13,-3.74918016194453e-13
MARK FAYNE,7.741338791178508e-13,7.741338791172516e-13
MARK GIORDANO,9.206082322857291e-13,9.206082322848815e-13
MARK LETESTU,2.0308181024892148e-13,2.0308181024888023e-13
MARK MCNEILL,-5.206999298486838e-12,-5.206999298513951e-12
MARK PYSYK,1.8069844199839814e-13,1.8069844199836547e-13
MARK SCHEIFELE,-2.496533439911219e-12,-2.496533439917452e-12
MARK STONE,-1.1354214569009357e-12,-1.135421456902225e-12
MARK STREIT,-2.0915991115534626e-12,-2.0915991115578372e-12
MARK STUART,1.6721046425862427e-13,1.672104642585963e-13
MARKO DANO,4.026512830479293e-12,4.02651283046308e-12
MARKUS GRANLUND,2.7685999973587607e-12,2.7685999973510956e-12
MARKUS HANNIKAINEN,-9.56173475775777e-13,-9.561734757766912e-13
MARTIN HANZAL,2.2367477675263626e-12,2.23674776752136e-12
MARTIN HAVLAT,-4.572214418288459e-11,-4.57221441849751e-11
MARTIN MARINCIN,-5.665489134960584e-13,-5.665489134963794e-13
MASON RAYMOND,-5.677497986657231e-12,-5.6774979866894644e-12
MATHIEU PERREAULT,-3.6087501192080644e-12,-3.6087501192210877e-12
MATS ZUCCARELLO,-1.9764551984386173e-12,-1.976455198442524e-12
MATT BARTKOWSKI,3.2404877883812503e-13,3.2404877883802006e-13
MATT BELESKEY,1.92890959417125e-12,1.928909594167529e-12
MATT CALVERT,-8.93906695999334e-14,-8.939066959994139e-14
MATT CULLEN,-2.567358051091493e-13,-2.5673580510921517e-13
MATT DUCHENE,1.107164683420087e-12,1.107164683418861e-12
MATT DUMBA,-4.771637743436442e-12,-4.77163774345921e-12
MATT GREENE,1.6026595411599516e-12,1.602659541157383e-12
MATT HALISCHUK,4.63260464858073e-12,4.632604648559269e-12
MATT HENDRICKS,4.22030667723383e-14,4.220306677233652e-14
MATT HUNWICK,2.6026958654278747e-13,2.602695865427197e-13
MATT IRWIN,-2.0891785559080113e-11,-2.089178555951658e-11
MATT MARTIN,-9.026968971941331e-13,-9.02696897194948e-13
MATT MOULSON,-3.5027186972893387e-12,-3.502718697301608e-12
MATT NIETO,1.3978751763434917e-13,1.397875176343296e-13
MATT NISKANEN,6.529697614925914e-13,6.52969761492165e-13
MATT PUEMPEL,-2.57490126111484e-13,-2.5749012611155027e-13
MATT READ,-3.419858521904937e-12,-3.419858521916632e-12
MATT STAJAN,-1.3699189386226582e-13,-1.3699189386228458e-13
MATT TAORMINA,-3.3115007909915894e-12,-3.311500791002555e-12
MATT TENNYSON,5.3748155363571415e-12,5.374815536328253e-12
MATTHEW CARLE,-1.7418096858509008e-13,-1.7418096858512042e-13
MATTIAS EKHOLM,5.151499428993284e-13,5.15149942899063e-13
MATTIAS JANMARK,-1.3879043745916998e-12,-1.387904374593626e-12
MAX DOMI,2.3555451179723818e-12,2.3555451179668334e-12
MAX FRIBERG,5.91672433492415e-12,5.916724334889142e-12
MAX MCCORMICK,-1.0059978049634859e-12,-1.0059978049644978e-12
MAX PACIORETTY,1.446435988561659e-12,1.4464359885595668e-12
MAX TALBOT,-1.5145164700673284e-12,-1.5145164700696223e-12
MELKER KARLSSON,1.9860942707480454e-12,1.9860942707441005e-12
MICHAEL CHAPUT,3.311221891100025e-12,3.311221891089061e-12
MICHAEL DEL ZOTTO,-1.9944233972871823e-12,-1.99442339729116e-12
MICHAEL FROLIK,-3.883541759523842e-13,-3.88354175952535e-13
MICHAEL GRABNER,-7.765239087864379e-14,-7.765239087864981e-14
MICHAEL KERANEN,2.253922849305548e-11,2.2539228492547462e-11
MICHAEL KOSTKA,-2.610412276285055e-13,-2.6104122762857366e-13
MICHAEL LATTA,-2.7136594172616523e-12,-2.713659417269016e-12
MICHAEL MATHESON,-1.0554128721104868e-12,-1.0554128721116007e-12
MICHAEL MCCARRON,-6.160394205220992e-12,-6.160394205258942e-12
MICHAEL MERSCH,-1.382022935465628e-12,-1.382022935467538e-12
MICHAEL PALIOTTA,-6.759491657052135e-13,-6.759491657056704e-13
MICHAEL RAFFL,-7.917174433543861e-12,-7.917174433606543e-12
MICHAEL SGARBOSSA,2.5027744966663474e-10,2.5027744960399597e-10
MICHAEL STONE,9.386139034483641e-13,9.386139034474832e-13
MICHAEL ZALEWSKI,-3.466019787144676e-11,-3.466019787264809e-11
MICHAL JORDAN,-1.6434414550740048e-12,-1.6434414550767056e-12
MICHAL ROZSIVAL,-1.2200124939263496e-12,-1.220012493927838e-12
MICHEAL FERLAND,2.2724620856784584e-12,2.2724620856732946e-12
MICHEAL HALEY,5.787113845173879e-13,5.787113845170531e-13
MIIKKA SALOMAKI,2.0954223429916607e-13,2.0954223429912214e-13
MIKA ZIBANEJAD,4.5128985218126447e-13,4.5128985218106086e-13
MIKAEL BACKLUND,1.0941343567346816e-12,1.0941343567334844e-12
MIKAEL GRANLUND,-2.6461532295999355e-13,-2.6461532296006357e-13
MIKE ANGELIDIS,-5.0684086560100245e-11,-5.0684086562669126e-11
MIKE BLUNDEN,-6.68696718786018e-13,-6.686967187864651e-13
MIKE BROWN,-8.07110937191363e-13,-8.071109371920145e-13
MIKE CAMMALLERI,-8.144005497987016e-13,-8.144005497993648e-13
MIKE FISHER,5.00075307701439e-13,5.00075307701189e-13
MIKE GREEN,-7.493672090120337e-12,-7.493672090176492e-12
MIKE HOFFMAN,-1.1867002674037681e-12,-1.1867002674051763e-12
MIKE REILLY,-6.476500965552919e-12,-6.476500965594864e-12
MIKE RIBEIRO,-3.322573471778792e-14,-3.3225734717789024e-14
MIKE RICHARDS,4.5822015886515244e-14,4.582201588651315e-14
MIKE SANTORELLI,-1.2502808248084417e-12,-1.250280824810005e-12
MIKE SISLO,-1.1856555661892614e-12,-1.1856555661906671e-12
MIKE WEBER,-2.6844104971490256e-12,-2.6844104971562316e-12
MIKHAIL GRABOVSKI,7.812938928718454e-13,7.812938928712349e-13
MIKHAIL GRIGORENKO,9.695330509837483e-13,9.695330509828085e-13
MIKKEL BOEDKER,-1.0397049326456374e-12,-1.0397049326467184e-12
MIKKO KOIVU,-2.866539690027202e-12,-2.8665396900354187e-12
MIKKO RANTANEN,-1.8576856772071407e-12,-1.8576856772105916e-12
MILAN LUCIC,4.243622111222149e-12,4.2436221112041404e-12
MILAN MICHALEK,1.2926678452728857e-12,1.2926678452712146e-12
MILES WOOD,-1.6385633207895704e-11,-1.6385633208164196e-11
MIRCO MUELLER,-4.827702269444833e-12,-4.827702269468139e-12
MORGAN ELLIS,3.410092555161201e-12,3.410092555149572e-12
MORGAN RIELLY,1.4363349326243372e-12,1.436334932622274e-12
NAIL YAKUPOV,-4.24015270704536e-12,-4.240152707063339e-12
NATE GUENIN,2.2383315480370728e-13,2.2383315480365718e-13
NATE PROSSER,-1.2471399895293918e-12,-1.2471399895309472e-12
NATE SCHMIDT,-6.12915010831847e-13,-6.129150108322228e-13
NATE THOMPSON,5.070512909334692e-12,5.070512909308981e-12
NATHAN BEAULIEU,-5.312607538404072e-12,-5.312607538432296e-12
NATHAN GERBE,4.533830918389357e-12,4.533830918368801e-12
NATHAN MACKINNON,1.3234232681158292e-12,1.3234232681140777e-12
NAZEM KADRI,1.1151362460119687e-11,1.1151362459995335e-11
NIC DOWD,-1.488410558335159e-11,-1.4884105583573126e-11
NIC PETAN,-2.804251042202636e-12,-2.8042510422105e-12
NICK BJUGSTAD,7.199885273482393e-12,7.199885273430555e-12
NICK BONINO,-4.892122668539978e-13,-4.892122668542371e-13
NICK COUSINS,-2.1666696363181086e-12,-2.166669636322803e-12
NICK FOLIGNO,-3.168525889356104e-12,-3.1685258893661438e-12
NICK HOLDEN,7.055612460588382e-14,7.055612460587883e-14
NICK LEDDY,2.1105961623595418e-12,2.1105961623550872e-12
NICK PAUL,-1.9815528409209034e-12,-1.98155284092483e-12
NICK RITCHIE,2.219820750046892e-12,2.2198207500419646e-12
NICK SCHULTZ,-4.444967682229635e-13,-4.444967682231611e-13
NICK SHORE,-3.963872019654242e-12,-3.963872019669954e-12
NICK SPALING,-1.3680970673148702e-12,-1.3680970673167419e-12
NICKLAS BACKSTROM,2.0086062228351267e-12,2.008606222831092e-12
NICKLAS GROSSMANN,5.544116144939762e-13,5.544116144936688e-13
NICOLAS DESLAURIERS,-1.5804537523874383e-12,-1.580453752389936e-12
NICOLAS PETAN,-1.4086766817243285e-11,-1.4086766817441722e-11
NIKITA KUCHEROV,-7.286106136153046e-12,-7.286106136206133e-12
NIKITA NESTEROV,1.2437949653646427e-12,1.2437949653630956e-12
NIKITA NIKITIN,7.495969613732568e-12,7.495969613676378e-12
NIKITA SOSHNIKOV,-1.4599120985228089e-12,-1.4599120985249403e-12
NIKITA TRYAMKIN,4.347505007388627e-12,4.347505007369726e-12
NIKITA ZADOROV,-1.8203461720269225e-14,-1.8203461720269556e-14
NIKLAS HJALMARSSON,7.202970778187048e-13,7.20297077818186e-13
NIKLAS KRONWALL,-6.00695849907061e-13,-6.006958499074219e-13
NIKOLAJ EHLERS,-9.373125258398509e-13,-9.373125258407295e-13
NIKOLAY GOLDOBIN,-3.6293401318193715e-13,-3.6293401318206887e-13
NIKOLAY KULEMIN,2.938406004772382e-13,2.938406004771519e-13
NINO NIEDERREITER,-1.3109376428654631e-11,-1.3109376428826487e-11
NOAH HANIFIN,1.2796549522196008e-12,1.2796549522179632e-12
NOEL ACCIARI,2.610897719337456e-13,2.6108977193367744e-13
OLIVER BJORKSTRAND,-4.613086371636722e-12,-4.6130863716580025e-12
OLIVER EKMAN-LARSSON,-8.607822359288516e-13,-8.607822359295925e-13
OLIVER KYLINGTON,-4.563222654000833e-12,-4.563222654021656e-12
OLLI MAATTA,4.936556941221096e-13,4.936556941218659e-13
ONDREJ PALAT,1.3520474885126034e-12,1.3520474885107754e-12
OSCAR KLEFBOM,-1.0308793605196312e-13,-1.0308793605197375e-13
OSCAR LINDBERG,-5.508846896649911e-12,-5.508846896680258e-12
OSKAR SUNDQVIST,-4.126991861960912e-12,-4.126991861977944e-12
P.K. SUBBAN,1.2162189844507542e-12,1.2162189844492752e-12
PASCAL DUPUIS,1.4050387923234702e-13,1.4050387923232728e-13
PATRIC HORNQVIST,7.612022903007772e-12,7.61202290294983e-12
PATRICE BERGERON,2.8130598030010404e-12,2.813059802993127e-12
PATRICE CORMIER,-3.9933305794862836e-10,-3.9933305810809524e-10
PATRICK BROWN,-2.358971373973201e-12,-2.358971373978766e-12
PATRICK EAVES,1.776855021828178e-14,1.7768550218281465e-14
PATRICK KANE,-2.528538705184099e-12,-2.5285387051904926e-12
PATRICK MARLEAU,5.1080920829637915e-12,5.108092082937699e-12
PATRICK MAROON,1.6278391170794265e-12,1.6278391170767767e-12
PATRICK SHARP,-4.6050828032696535e-12,-4.6050828032908605e-12
PATRICK SIELOFF,-5.063873086141438e-12,-5.063873086167081e-12
PATRICK WIERCIOCH,-1.6094359070966237e-12,-1.6094359070992141e-12
PATRIK BERGLUND,4.794420157166988e-12,4.794420157144001e-12
PATRIK ELIAS,-1.115891900833115e-11,-1.1158919008455671e-11
PATRIK NEMETH,1.4702428337965258e-13,1.4702428337963097e-13
PAUL BYRON,-4.1549376464481433e-13,-4.1549376464498695e-13
PAUL CAREY,-1.6534613143714606e-11,-1.6534613143988e-11
PAUL GAUSTAD,-1.448023132851961e-12,-1.4480231328540578e-12
PAUL MARTIN,1.7756985567338635e-12,1.7756985567307105e-12
PAUL POSTMA,2.497319687047791e-12,2.4973196870415545e-12
PAUL STASTNY,4.969155944402749e-13,4.969155944400279e-13
PAUL THOMPSON,-6.977511925303183e-12,-6.977511925351869e-12
PAVEL DATSYUK,-9.267497386904536e-13,-9.267497386913125e-13
PAVEL ZACHA,7.746621638552911e-12,7.7466216384929e-12
PETER HOLLAND,6.3179034697916665e-12,6.317903469751751e-12
PETTER GRANBERG,4.068595423437906e-13,4.068595423436251e-13
PETTERI LINDBOHM,4.569603983517361e-12,4.5696039834964795e-12
PHIL KESSEL,-2.609293588013155e-12,-2.6092935880199635e-12
PHIL VARONE,-3.52856338245783e-14,-3.528563382457954e-14
PHILIP SAMUELSSON,-4.810400440415598e-12,-4.810400440438738e-12
PHILIP VARONE,-1.551386177646085e-11,-1.551386177670153e-11
PHILLIP DANAULT,2.0090880905191056e-11,2.0090880904787414e-11
PHILLIP DI GIUSEPPE,-3.0757779102255547e-12,-3.075777910235015e-12
PIERRE-ALEXANDRE PARENTEAU,9.302774867507601e-12,9.302774867421059e-12
PIERRE-EDOUARD BELLEMARE,-8.539084883877089e-13,-8.53908488388438e-13
QUINTON HOWDEN,-3.695067084966364e-12,-3.695067084980017e-12
R.J. UMBERGER,-9.125184471031134e-12,-9.125184471114403e-12
RADEK FAKSA,1.2258492810753323e-12,1.2258492810738296e-12
RADIM VRBATA,-1.3157558538794828e-12,-1.3157558538812139e-12
RADKO GUDAS,-3.733752368428097e-13,-3.733752368429491e-13
RASMUS RISTOLAINEN,1.5340344723939903e-12,1.534034472391637e-12
REID BOUCHER,3.725736079531985e-12,3.725736079518104e-12
REILLY SMITH,4.588383861904967e-12,4.5883838618839145e-12
RENE BOURQUE,-7.156312134729519e-12,-7.156312134780731e-12
RICH CLUNE,-8.641912430714352e-11,-8.641912431461178e-11
RICHARD PANIK,2.200343972575545e-12,2.200343972570704e-12
RICK NASH,-1.2158160508777454e-12,-1.2158160508792236e-12
RICKARD RAKELL,8.727639820206154e-12,8.727639820129983e-12
RILEY NASH,-4.2726243956693263e-13,-4.2726243956711514e-13
RILEY SHEAHAN,-5.56093929203946e-12,-5.560939292070384e-12
RINAT VALIEV,1.0959189149017722e-11,1.0959189148897618e-11
ROB KLINKHAMMER,-4.3516048712111894e-12,-4.351604871230126e-12
ROB SCUDERI,-1.3418892625100231e-12,-1.341889262511824e-12
ROBBY FABBRI,-2.927126328535219e-12,-2.927126328543787e-12
ROBERT BORTUZZO,-1.881841955349425e-12,-1.8818419553529664e-12
ROCCO GRIMALDI,-1.3532086068882929e-12,-1.3532086068901241e-12
ROMAN JOSI,1.3179334519200633e-13,1.3179334519198894e-13
ROMAN POLAK,-1.86067367364943e-12,-1.860673673652892e-12
RON HAINSEY,-1.350626420489962e-12,-1.3506264204917861e-12
RONALDS KENINS,2.353397935826146e-12,2.3533979358206073e-12
ROSS JOHNSTON,-3.181281412791707e-12,-3.1812814128018276e-12
RYAN CALLAHAN,3.824975218150303e-12,3.824975218135673e-12
RYAN CARPENTER,-1.0778954279909329e-10,-1.0778954281071188e-10
RYAN CARTER,-2.4367700850289227e-12,-2.4367700850348604e-12
RYAN DZINGEL,5.561549927832015e-12,5.561549927801083e-12
RYAN ELLIS,1.0207986924535916e-12,1.0207986924525495e-12
RYAN GARBUTT,-3.3157450352063714e-13,-3.315745035207471e-13
RYAN GETZLAF,8.581066968647334e-12,8.581066968573699e-12
RYAN HARTMAN,-1.210534951566263e-11,-1.210534951580917e-11
RYAN JOHANSEN,5.477727180606463e-12,5.477727180576458e-12
RYAN JOHNSTON,-3.165207149020755e-12,-3.1652071490307737e-12
RYAN KESLER,-1.4083541766878125e-13,-1.408354176688011e-13
RYAN MCDONAGH,-1.5827311486968972e-12,-1.5827311486994022e-12
RYAN MURPHY,-2.0591303955916243e-12,-2.0591303955958644e-12
RYAN MURRAY,3.318414065669323e-13,3.318414065668222e-13
RYAN NUGENT-HOPKINS,3.3370924686098756e-12,3.3370924685987393e-12
RYAN O'REILLY,1.3437094823153222e-12,1.3437094823135166e-12
RYAN PULOCK,3.077418152258463e-12,3.0774181522489928e-12
RYAN REAVES,-5.95804113383901e-12,-5.958041133874508e-12
RYAN SPOONER,-1.3188508245161367e-11,-1.3188508245335304e-11
RYAN STANTON,1.2222645811659686e-12,1.2222645811644746e-12
RYAN STROME,-6.708523896846929e-14,-6.708523896847379e-14
RYAN SUTER,-1.0021181502042756e-11,-1.0021181502143181e-11
RYAN WHITE,-3.2943627353856594e-12,-3.294362735396512e-12
SAM BENNETT,1.6192179520824523e-12,1.6192179520798306e-12
SAM CARRICK,1.6992965198930562e-13,1.6992965198927677e-13
SAM GAGNER,-8.038488486588697e-12,-8.038488486653314e-12
SAM REINHART,4.908719088213102e-12,4.908719088189007e-12
SAMI VATANEN,3.793793580610279e-12,3.7937935805958855e-12
SCOTT GOMEZ,7.857908040938532e-12,7.857908040876784e-12
SCOTT HARRINGTON,-2.0556823738827913e-11,-2.0556823739250495e-11
SCOTT HARTNELL,4.5067181340545425e-12,4.506718134034232e-12
SCOTT KOSMACHUK,-9.319166196257877e-12,-9.319166196344724e-12
SCOTT LAUGHTON,-9.167973835374837e-12,-9.16797383545889e-12
SCOTT MAYFIELD,-2.0895396136650035e-11,-2.0895396137086654e-11
SCOTT WILSON,-1.3590010780358048e-11,-1.3590010780542738e-11
SCOTTIE UPSHALL,-1.4672278221383565e-13,-1.4672278221385718e-13
SEAN COLLINS,5.1929643124019114e-14,5.1929643124016413e-14
SEAN COUTURIER,-1.7320437140299304e-12,-1.7320437140329303e-12
SEAN MONAHAN,5.9204434601633094e-12,5.9204434601282585e-12
SERGEI PLOTNIKOV,2.5637616175662448e-11,2.563761617500516e-11
SERGEY KALININ,-2.466719479366072e-12,-2.4667194793721567e-12
SERGEY TOLCHINSKY,-4.735249662984969e-12,-4.7352496630073915e-12
SETH GRIFFITH,-1.0659822117757386e-11,-1.0659822117871018e-11
SETH HELGESON,-1.951241293729628e-12,-1.951241293733435e-12
SETH JONES,-6.4240310187796586e-12,-6.424031018820927e-12
SHANE DOAN,8.197364987326539e-12,8.197364987259342e-12
SHANE PRINCE,-2.5519719953366994e-12,-2.551971995343212e-12
SHAWN HORCOFF,-3.1929941690669547e-12,-3.19299416907715e-12
SHAWN MATTHIAS,-3.60859508295608e-13,-3.608595082957382e-13
SHAWN THORNTON,-6.133897234617609e-12,-6.133897234655233e-12
SHAYNE GOSTISBEHERE,-4.966656450125289e-12,-4.966656450149957e-12
SHEA THEODORE,-8.888939520316919e-12,-8.888939520395933e-12
SHEA WEBER,3.058945944242326e-14,3.058945944242232e-14
SIDNEY CROSBY,1.1207781159720083e-11,1.1207781159594469e-11
SIMON DESPRES,8.476402477699217e-12,8.476402477627369e-12
SLATER KOEKKOEK,-1.544533013804286e-11,-1.544533013828142e-11
SONNY MILANO,-2.018604735391549e-11,-2.0186047354322967e-11
STANISLAV GALIEV,-1.3929699793491134e-11,-1.3929699793685171e-11
STEFAN ELLIOTT,1.02984339541236e-11,1.0298433954017542e-11
STEFAN MATTEAU,-8.626361025827331e-12,-8.626361025901745e-12
STEFAN NOESEN,3.8560923652473776e-11,3.856092365098683e-11
STEPHEN GIONTA,-1.986713932523686e-12,-1.986713932527633e-12
STEPHEN JOHNS,1.0363889820133001e-11,1.036388982002559e-11
STEVE BERNIER,2.0724526686994433e-13,2.072452668699014e-13
STEVE DOWNIE,-1.1186226548939823e-11,-1.1186226549064955e-11
STEVE OTT,2.1758669983361888e-12,2.1758669983314543e-12
STEVEN KAMPFER,7.866025225434706e-12,7.866025225372832e-12
STEVEN SANTINI,5.726677804438733e-13,5.726677804435453e-13
STEVEN STAMKOS,1.2588963015821284e-12,1.2588963015805435e-12
STUART PERCY,-1.2258386677101515e-11,-1.2258386677251784e-11
SVEN ANDRIGHETTO,-3.1208398656608067e-12,-3.1208398656705463e-12
SVEN BAERTSCHI,4.404659691587551e-12,4.4046596915681495e-12
T.J. OSHIE,6.242135192795813e-12,6.2421351927568495e-12
TANNER GLASS,-4.5617689245730335e-12,-4.561768924593843e-12
TANNER KERO,-1.4522383156574903e-12,-1.4522383156595994e-12
TANNER PEARSON,-5.752166185859706e-14,-5.752166185860036e-14
TAYLOR BECK,4.667808466917215e-12,4.6678084668954265e-12
TAYLOR CHORNEY,-7.727329682770683e-12,-7.727329682830395e-12
TAYLOR FEDUN,-5.173972604176738e-12,-5.173972604203508e-12
TAYLOR HALL,5.9652974393638574e-12,5.965297439328273e-12
TAYLOR LEIER,-1.1743174206627067e-11,-1.1743174206764969e-11
TEDDY PURCELL,6.8293954899497885e-12,6.829395489903147e-12
TEEMU PULKKINEN,6.077638138444379e-11,6.077638138075003e-11
TEUVO TERAVAINEN,9.972073283770998e-13,9.972073283761054e-13
THOMAS HICKEY,-1.2638946557093703e-12,-1.2638946557109677e-12
THOMAS VANEK,-8.07026378326343e-12,-8.070263783328559e-12
TIM JACKMAN,-5.4162285306068295e-12,-5.416228530636165e-12
TIM SCHALLER,-5.959002255009183e-11,-5.95900225536428e-11
TJ BRENNAN,-4.056080083509421e-11,-4.0560800836739385e-11
TJ BRODIE,1.6877260794797156e-12,1.6877260794768671e-12
TOBIAS LINDBERG,-4.0526133548450135e-11,-4.05261335500925e-11
TOBIAS RIEDER,3.671138124262041e-12,3.6711381242485635e-12
TOBY ENSTROM,-3.632746250895654e-12,-3.632746250908851e-12
TOM GILBERT,-1.536123297739457e-11,-1.536123297763054e-11
TOM KUHNHACKL,-6.124778139290888e-12,-6.124778139328401e-12
TOM SESTITO,-2.9340222173058448e-12,-2.934022217314453e-12
TOM WILSON,-2.3718737938131315e-12,-2.3718737938187574e-12
TOMAS FLEISCHMANN,-8.169702018034791e-12,-8.169702018101534e-12
TOMAS HERTL,3.0518971758079517e-11,3.051897175714811e-11
TOMAS JURCO,-7.604837915883609e-12,-7.604837915941442e-12
TOMAS NOSEK,-1.1658413285815016e-11,-1.1658413285950935e-11
TOMAS PLEKANEC,2.2681150645240296e-13,2.2681150645235154e-13
TOMAS TATAR,-3.2955953893148103e-11,-3.29559538942342e-11
TOMMY CROSS,-6.089231044580231e-12,-6.089231044617309e-12
TOMMY WINGELS,8.00481681062352e-12,8.004816810559444e-12
TOREY KRUG,9.943911872647483e-12,9.943911872548602e-12
TORREY MITCHELL,-2.588977931371932e-12,-2.5889779313786346e-12
TRAVIS HAMONIC,6.1953051263869026e-12,6.195305126348521e-12
TRAVIS MOEN,1.1131139607955115e-11,1.1131139607831214e-11
TRAVIS ZAJAC,7.537499575503096e-13,7.537499575497414e-13
TREVOR CARRICK,-6.218670291294212e-11,-6.21867029168093e-11
TREVOR DALEY,-1.1160008247385056e-11,-1.1160008247509602e-11
TREVOR LEWIS,9.17388235689709e-13,9.173882356888672e-13
TREVOR VAN RIEMSDYK,-7.679598280132269e-12,-7.679598280191246e-12
TROY BROUWER,1.892204783430964e-12,1.8922047834273834e-12
TUOMO RUUTU,8.303434428742618e-12,8.303434428673671e-12
TURNER ELSON,-6.1530666596299816e-09,-6.153066697490211e-09
TY RATTIE,-2.476988471856577e-11,-2.4769884719179314e-11
TYE MCGINN,4.062241149628967e-09,4.0622411331271634e-09
TYLER BOZAK,5.544912117301e-11,5.544912116993539e-11
TYLER ENNIS,2.6908851873093327e-11,2.690885187236924e-11
TYLER GAUDET,-9.153397072696695e-12,-9.15339707278048e-12
TYLER GRAOVAC,8.002677607613673e-12,8.00267760754963e-12
TYLER JOHNSON,-4.084379593571755e-12,-4.084379593588438e-12
TYLER KENNEDY,-1.0568867752544927e-11,-1.0568867752656629e-11
TYLER MYERS,8.111347421880589e-12,8.111347421814796e-12
TYLER RANDELL,-5.0084419835471025e-12,-5.008441983572187e-12
TYLER SEGUIN,-4.585052321467123e-11,-4.5850523216773504e-11
TYLER TOFFOLI,1.1114987788940923e-11,1.111498778881738e-11
TYLER WOTHERSPOON,-4.927419607183908e-13,-4.927419607186335e-13
TYSON BARRIE,1.6330013902931704e-12,1.6330013902905039e-12
TYSON STRACHAN,1.501271290396946e-10,1.5012712901715647e-10
VALERI NICHUSHKIN,-1.1937668342873535e-11,-1.1937668343016042e-11
VALTTERI FILPPULA,2.5215794667346448e-11,2.521579466671061e-11
VERNON FIDDLER,-4.363306562238443e-12,-4.363306562257481e-12
VICTOR BARTLEY,-6.454772936105775e-12,-6.454772936147438e-12
VICTOR HEDMAN,2.570392311996905e-11,2.570392311930836e-11
VICTOR RASK,6.786165630357031e-13,6.786165630352426e-13
VIKTOR ARVIDSSON,-5.7681867877071985e-11,-5.7681867880399184e-11
VIKTOR LOOV,-3.6109291979323816e-10,-3.610929199236263e-10
VIKTOR STALBERG,-2.34650532003318e-11,-2.346505320088241e-11
VIKTOR SVEDBERG,2.7154847177823273e-12,2.7154847177749537e-12
VIKTOR TIKHONOV,1.7785837679514648e-11,1.7785837679198313e-11
VINCENT HINOSTROZA,-4.47838809721728e-11,-4.47838809741784e-11
VINCENT LECAVALIER,-3.5457603487023154e-12,-3.5457603487148875e-12
VINCENT TROCHECK,3.2451587525853236e-11,3.245158752480013e-11
VLADIMIR TARASENKO,2.412225347550275e-11,2.4122253474920868e-11
VLADISLAV NAMESTNIKOV,-4.111461849822711e-11,-4.111461849991752e-11
VOJTECH MOZIK,-5.0599496350592934e-11,-5.0599496353153245e-11
WAYNE SIMMONDS,7.106070218576746e-12,7.1060702185262494e-12
WILLIAM KARLSSON,2.3056924054279415e-11,2.3056924053747793e-11
WILLIAM NYLANDER,1.1148471409361656e-10,1.114847140811877e-10
WILLIE MITCHELL,-4.037420398345288e-11,-4.0374203985082956e-11
XAVIER OUELLET,-2.4246292763881752e-11,-2.4246292764469635e-11
YANNI GOURDE,1.4821223910119603e-09,1.4821223888152734e-09
YANNICK WEBER,-1.140723212175716e-10,-1.140723212305841e-10
ZAC DALPE,3.6690490794264114e-11,3.669049079291792e-11
ZAC RINALDO,-1.853886893428907e-10,-1.8538868937725966e-10
ZACH BOGOSIAN,-1.945039030604509e-11,-1.945039030642341e-11
ZACH HYMAN,6.00461908317816e-11,6.004619082817605e-11
ZACH PARISE,-1.886555799156497e-12,-1.8865557991600562e-12
ZACH REDMOND,1.24847838967748e-10,1.24847838952161e-10
ZACH SILL,-1.462804608969012e-10,-1.4628046091829918e-10
ZACH TROTMAN,-1.6341850361665427e-11,-1.6341850361932483e-11
ZACK KASSIAN,8.54919834685656e-11,8.549198346125671e-11
ZACK SMITH,-2.4828812971065752e-11,-2.482881297168222e-11
ZBYNEK MICHALEK,5.99623863135521e-12,5.996238631319255e-12
ZDENO CHARA,2.283507782447063e-11,2.283507782394919e-11
ZEMGUS GIRGENSONS,-9.507992373331312e-11,-9.507992374235332e-11
