,Home Corsi,Away Corsi,Home RF prediction,Away RF prediction,Home importance,Away importance
AARON EKBLAD,0.5782701929949964,0.5273668639053255,0.5258783264807853,0.48548945141196836,0.0010173274600628252,0.0010561879523833606
AARON NESS,0.5256410256410257,0.5327102803738317,0.5193703307622993,0.4806296692377006,7.675729824660277e-05,9.922346783872675e-05
ADAM CLENDENING,0.5418410041841004,0.4338461538461539,0.5193703307622993,0.4806296692377006,0.00039649139803657826,0.0003653670865371015
ADAM HENRIQUE,0.4669051878354204,0.45269796776454096,0.5193703307622993,0.47991478869158644,0.0006157344485053433,0.0008407168345136506
ADAM PELECH,0.38461538461538464,0.4155844155844156,0.5193182882075126,0.4806296692377006,0.00020026732363122936,7.358540339687715e-05
ALEC MARTINEZ,0.5369426751592357,0.5083234244946493,0.5181135596550173,0.4796305872694061,0.0012119224289967043,0.0012092268294058098
ALEX BIEGA,0.4705128205128205,0.4177545691906005,0.5193703307622993,0.4682986715723333,0.0005599188535158541,0.0007477698029048358
ALEX CHIASSON,0.4569327731092437,0.4111731843575419,0.528590579103925,0.47118282447100107,0.0007814758042010239,0.0007199813622082045
ALEX FRIESEN,0.55,0.55,0.5142590872183979,0.4806296692377006,3.224346487387844e-05,0.0
ALEX GOLIGOSKI,0.5289380976346251,0.5154845154845155,0.5193703307622993,0.4806296692377006,0.0011718917783519796,0.0012446344433123795
ALEX GRANT,0.4,0.44660194174757284,0.5141000291381694,0.4756167660118942,4.4551489935950155e-05,6.0425583817230696e-05
ALEX KHOKHLACHEV,0.5192307692307693,0.5609756097560976,0.5193703307622993,0.4806296692377006,4.900836750585098e-05,2.6641735367101415e-05
ALEX TANGUAY,0.5331632653061225,0.4575424575424576,0.5256932765493653,0.48244120607351293,0.0008079012869450733,0.0007178073020969128
ALEXANDER SEMIN,0.6337209302325582,0.5706521739130435,0.5500330870935989,0.4777072851546882,0.00017614566660348322,0.00015876233458503753
ALEXANDRE BURROWS,0.5208768267223383,0.4814814814814815,0.5221162399209995,0.4806296692377006,0.0007286426762122488,0.0009719865059039802
ALEXANDRE GRENIER,0.39473684210526316,0.5671641791044777,0.5193703307622993,0.4806296692377006,7.657706416635027e-05,8.479382803958856e-05
ALEXEI EMELIN,0.4601366742596811,0.48391812865497075,0.5160377247029289,0.4806296692377006,0.0010293146089671702,0.0010403623766543876
ALEXEY MARCHENKO,0.47155361050328226,0.4177820267686424,0.5193703307622993,0.46972228430264545,0.0007879011995732686,0.0008503503126481223
ANDRE BENOIT,0.1111111111111111,0.375,0.5193703307622993,0.4806296692377006,0.0,3.659407805183221e-05
ANDRE BURAKOVSKY,0.5405405405405406,0.5268817204301075,0.5177424030579385,0.4806296692377006,0.0007353537742324314,0.0007391097989112573
ANDREAS MARTINSEN,0.4365904365904366,0.427027027027027,0.5167801206949785,0.4665213958258271,0.0005168835933405028,0.00047957905877576425
ANDREI MARKOV,0.5381779884149552,0.5083518930957684,0.5193703307622993,0.4788994492829493,0.001178377773474708,0.0012856986098499928
ANDREJ SEKERA,0.5247285886610374,0.4961007798440312,0.5187510555696369,0.4851406883197882,0.0013183726802179696,0.0011292962326573746
ANDREW AGOZZINO,0.5072463768115942,0.3970588235294118,0.5193703307622993,0.46423839081655144,4.757992847187074e-05,6.777170757302402e-05
ANDREW BODNARCHUK,0.42857142857142855,0.4039735099337748,0.5150219631730566,0.4654079059947442,0.00034185986823657944,0.00046203153472099704
ANDREW CAMPBELL,0.43373493975903615,0.4545454545454546,0.5084766617351452,0.4806296692377006,0.0001942663261300007,7.851779421224613e-05
ANDREW COPP,0.4517304189435337,0.42521367521367526,0.51759986039255,0.4806296692377006,0.00036118965162317934,0.0003578065581232531
ANDREW DESJARDINS,0.43975283213182287,0.4378378378378378,0.5193703307622993,0.48146984203647497,0.000750820921810066,0.0006170256905116927
ANDREW FERENCE,0.4158415841584158,0.5,0.5135327292398288,0.48579113894971665,0.00010121233160356873,3.3665458937793513e-05
ANDREW LADD,0.5403458213256485,0.5273356401384083,0.5280990607369693,0.4823255501661845,0.0009752219412794009,0.0009121012265265927
ANDREW MACDONALD,0.4807017543859649,0.4528688524590164,0.5170144558679629,0.4810715079700843,0.0005120371598396947,0.0004202925338274582
ANDREW MILLER,0.5,0.4918032786885246,0.5193703307622993,0.4806296692377006,1.0295687290228751e-05,7.889935406695188e-05
ANDREY PEDAN,0.3986013986013986,0.484375,0.5193832339881057,0.4806296692377006,0.00010725110107813052,0.00015033816559861443
ANTHONY BITETTO,0.4276315789473684,0.4902597402597403,0.5096071280037144,0.4806296692377006,0.0003364632794080686,0.00029616455164765824
ANTHONY MANTHA,0.5641025641025641,0.6305732484076434,0.5193703307622993,0.4806296692377006,8.800946645852182e-05,0.00014029824591478047
ANTOINE ROUSSEL,0.5318221447253705,0.43302752293577984,0.524201016886624,0.47321910195653877,0.0009546138259206978,0.0007769711446999841
ANTOINE VERMETTE,0.550423402617398,0.4747116237799468,0.522718925209306,0.4810859932894498,0.0009369689078123489,0.0007068084887508562
ANTON LANDER,0.4493865030674847,0.4037685060565276,0.5193703307622993,0.4789830427106838,0.0005268597438020102,0.0005895303424966035
ANTON SLEPYSHEV,0.5084745762711864,0.45783132530120485,0.5193703307622993,0.4806296692377006,5.376241941639491e-05,6.279742544830418e-05
ANTON STRALMAN,0.552821997105644,0.5120440467997247,0.5289705803567,0.48173526823550494,0.0010031636769957985,0.0011288969173726315
ANZE KOPITAR,0.572139303482587,0.5709857408555487,0.5182215367434576,0.49017045508994345,0.0009348675735881498,0.0010113362627283816
ARTEMI PANARIN,0.596749226006192,0.5584878744650499,0.5404689492725194,0.4999512951075507,0.0009402996485096271,0.0009055433026260548
AUSTIN WATSON,0.4228723404255319,0.4188679245283019,0.5170762044552255,0.48343573476848717,0.00036514799422542,0.00040742477910447
BARCLAY GOODROW,0.39316239316239315,0.443609022556391,0.5092214115123523,0.4806296692377006,0.00010628733444768932,0.0001530580439237955
BARRET JACKMAN,0.5329545454545455,0.5217889908256881,0.5193703307622993,0.48583031700260887,0.0006418983292943441,0.0006825716577217751
BEN HARPUR,0.4888888888888889,0.40476190476190477,0.5193703307622993,0.47597953004576626,2.424207982494868e-05,6.896213422038518e-05
BEN HUTTON,0.48491879350348027,0.5022189349112426,0.5193703307622993,0.4806296692377006,0.0008681515473184334,0.0011182048500318568
BEN SMITH,0.4325153374233129,0.40340909090909094,0.5132504655660514,0.4806296692377006,0.00026895737930598984,0.00012270427391784593
BEN STREET,0.43333333333333335,0.4,0.5193703307622993,0.47560429874800997,2.0753868988414568e-05,8.89143871271205e-05
BLAKE COMEAU,0.475658419792498,0.4376923076923077,0.5193703307622993,0.4806296692377006,0.0008667455213090074,0.000780786888575097
BLAKE PIETILA,0.4523809523809524,0.3870967741935484,0.5139806918353367,0.4806296692377006,3.115576813872642e-05,8.141232322822217e-05
BO HORVAT,0.45286195286195285,0.41510791366906474,0.5178199089292237,0.4635815898993492,0.0008922313815171024,0.0009250640012484368
BOBBY FARNHAM,0.49107142857142855,0.3866666666666667,0.5232327887080741,0.48311676601189424,0.00022193418307376672,0.000316678368481798
BOBBY RYAN,0.5621818181818182,0.5252764612954186,0.5208948380597542,0.4877269625368354,0.0010891773478099768,0.00087930249414046
BORNA RENDULIC,0.2682926829268293,0.2682926829268293,0.5143332156039008,0.4806296692377006,3.849504348451425e-05,0.0
BRACKEN KEARNS,0.5,0.5,0.5193703307622993,0.4806296692377006,2.32312429765809e-05,0.0
BRAD HUNT,0.5515151515151515,0.5,0.5215864771740736,0.4806296692377006,0.0001536996391100165,3.220788603216409e-05
BRAD RICHARDSON,0.42574257425742573,0.4311926605504587,0.5106714390988888,0.4806296692377006,0.000992751184716076,0.000734733005251169
BRADY SKJEI,0.3576158940397351,0.4320987654320988,0.5037708170306849,0.4780820075954613,0.0001638483884192795,9.486315632044513e-05
BRANDON BOLLIG,0.43950617283950616,0.43624161073825507,0.5193703307622993,0.4806296692377006,0.0003032299458374585,0.0003245068048157037
BRANDON DAVIDSON,0.44086021505376344,0.46806282722513093,0.5073415378686444,0.4806296692377006,0.0007342618880962098,0.0007902383870831976
BRANDON DUBINSKY,0.521978021978022,0.4714285714285714,0.5205198433842095,0.4806296692377006,0.0009602810809291617,0.000790738378537689
BRANDON GORMLEY,0.45136186770428016,0.4750830564784053,0.5240668881975294,0.4806296692377006,0.00019718430030821389,0.0002940014139202944
BRANDON MASHINTER,0.40070921985815605,0.4940711462450593,0.503560669981755,0.4806296692377006,0.00025945875682242895,0.0002514533624890745
BRANDON PRUST,0.45161290322580644,0.41145833333333337,0.5193703307622993,0.47100100531014505,0.00027077564435790873,0.0003304955404684013
BRANDON SAAD,0.5326821938392187,0.5351397121083827,0.5215703742947877,0.4806296692377006,0.0008736050919543616,0.000697740289378499
BRANDON TANEV,0.38666666666666666,0.3866666666666667,0.5193703307622993,0.4806296692377006,0.0,4.445309978758879e-05
BRAYDEN MCNABB,0.5575153374233128,0.523943661971831,0.5249077671046962,0.4806296692377006,0.0010125865635291003,0.0010826911095470617
BRAYDEN SCHENN,0.6048550236008091,0.58828125,0.5318946308876579,0.4920780957497107,0.0009993424642464892,0.0009267559760127536
BRAYDON COBURN,0.4606164383561644,0.4298093587521664,0.5099966074726254,0.4742565060283339,0.0009217213458054252,0.0010089908734795161
BRENDAN LEIPSIC,0.5897435897435898,0.6491228070175439,0.5239360810357089,0.4855954912098295,9.490154638174453e-05,4.893417028560984e-05
BRENDAN SMITH,0.559652928416486,0.5412004069175992,0.5242171574741794,0.4806296692377006,0.000763094020530699,0.0008638597846605023
BRENDAN WOODS,0.5517241379310345,0.5625,0.5193703307622993,0.4806296692377006,1.1976247138754316e-05,2.4284707751584698e-05
BRENDEN DILLON,0.4938875305623472,0.45371219065077906,0.5197474949134012,0.4806296692377006,0.0009034532305315294,0.0008529067310905809
BRENT BURNS,0.6023985239852399,0.5201192250372578,0.5036462158938491,0.48200949175938296,0.0011772664614031893,0.0010974222614984128
BRENT REGNER,0.4318181818181818,0.45999999999999996,0.5193703307622993,0.4806296692377006,9.546513187686965e-05,6.37120769259171e-05
BRETT BULMER,0.16666666666666666,0.26315789473684215,0.5193703307622993,0.4806296692377006,8.504814945046903e-06,2.367431572555779e-05
BRETT KULAK,0.49382716049382713,0.5934065934065934,0.5193703307622993,0.4806296692377006,7.010283138009522e-05,7.705751145331863e-05
BRETT LERNOUT,0.3076923076923077,0.3076923076923077,0.5193703307622993,0.4806296692377006,0.0,4.218180789995316e-06
BRETT RITCHIE,0.514018691588785,0.5571428571428572,0.5193703307622993,0.4806296692377006,0.00012066377015276377,7.849310404089047e-05
BRIAN BOYLE,0.5122897800776197,0.4267241379310345,0.5193703307622993,0.4728083044672095,0.0006698973661968279,0.0007600441755181895
BRIAN CAMPBELL,0.5597014925373134,0.5235910878112713,0.5173737812067375,0.4779096809734424,0.0010983461530998974,0.0010745458088523353
BRIAN DUMOULIN,0.5131782945736434,0.5104477611940299,0.5193703307622993,0.4806296692377006,0.001063154790497272,0.0009675656003013291
BRIAN FLYNN,0.4532627865961199,0.3950850661625709,0.5141771820742527,0.47125372300296603,0.0005393650891264233,0.0004400670974440683
BRIAN O'NEILL,0.4117647058823529,0.430622009569378,0.5193703307622993,0.4833463526423635,0.00013098648694028942,0.0002009510005162017
BROCK MCGINN,0.45390070921985815,0.42914979757085026,0.5193703307622993,0.4806296692377006,0.00012498634994964757,0.00022046907150386342
BRODY SUTTER,0.38636363636363635,0.3421052631578947,0.5139201346838679,0.4758779819595826,5.4961374722204734e-05,5.280121100981684e-05
BRYAN BICKELL,0.5,0.5588235294117647,0.5193703307622993,0.4806296692377006,0.00026095732404374174,0.00012304882590895234
BRYAN RUST,0.5225225225225225,0.5011441647597255,0.5193703307622993,0.4806296692377006,0.00044368213356723576,0.0002542559992216879
BUD HOLLOWAY,0.16666666666666666,0.16666666666666663,0.5193703307622993,0.4806296692377006,0.0,1.494052509219482e-06
BUDDY ROBINSON,0.5,0.36,0.5193703307622993,0.4806296692377006,2.6790154402946316e-05,1.605119897568534e-05
CAL CLUTTERBUCK,0.42246642246642246,0.41383812010443866,0.5016942635357386,0.4806296692377006,0.0006398986603248155,0.0005956467553854952
CARL GUNNARSSON,0.47289156626506024,0.42831700801424755,0.5193703307622993,0.47348873931038277,0.0009280559975794485,0.000852821337541294
CARL HAGELIN,0.5388760585065435,0.521823472356935,0.5193703307622993,0.48751082793706674,0.0009758374671427794,0.0008488724098340263
CARL SODERBERG,0.4652014652014652,0.45927601809954754,0.5158728547746445,0.4806296692377006,0.0009691874277767121,0.0008698547272405779
CASEY CIZIKAS,0.416289592760181,0.4013157894736842,0.49806190980046805,0.4793300455096838,0.0006962479656371641,0.0006192041070805022
CASEY NELSON,0.717391304347826,0.5660377358490566,0.5289596025319567,0.4806296692377006,5.962144318854333e-05,0.00013541634551391248
CEDRIC PAQUETTE,0.48323170731707316,0.41502683363148485,0.5193703307622993,0.4760639189642912,0.0005916981753411625,0.0003925397917222004
CHAD RUHWEDEL,0.41379310344827586,0.41379310344827586,0.5142813135127345,0.4806296692377006,2.132342414535349e-05,0.0
CHANDLER STEPHENSON,0.6578947368421053,0.5,0.5193703307622993,0.48387835928203754,1.5203526308852045e-05,5.9065474237798436e-05
CHARLES HUDON,0.5111111111111111,0.5,0.5193703307622993,0.4806296692377006,8.299600614746131e-05,1.8976464855786072e-05
CHARLIE COYLE,0.5352112676056338,0.49264136328427577,0.5221978212860343,0.48263074930682515,0.0008048886806961066,0.0007945686199567073
CHASE DE LEO,0.4166666666666667,0.4166666666666667,0.5193703307622993,0.4806296692377006,1.8307823145618625e-05,0.0
CHRIS BROWN,0.6666666666666666,0.6666666666666667,0.5193703307622993,0.4806296692377006,0.0,1.2729010724309605e-05
CHRIS BUTLER,0.3888888888888889,0.42105263157894735,0.5193703307622993,0.4806296692377006,7.677107096863952e-05,1.5186968934888724e-05
CHRIS KELLY,0.37962962962962965,0.3407407407407408,0.5193703307622993,0.46133884955560156,8.652112537833084e-05,0.00015126076513208628
CHRIS PORTER,0.429769392033543,0.3163481953290871,0.5190725009211239,0.43647780432418215,0.00042908566787809723,0.0003593000758467608
CHRIS SUMMERS,0.48214285714285715,0.42307692307692313,0.5193703307622993,0.4806296692377006,5.183286312683748e-05,3.261900922889228e-05
CHRIS TERRY,0.5215633423180593,0.472972972972973,0.5193703307622993,0.4806296692377006,0.0006151650345277901,0.0004405920475202022
CHRIS WAGNER,0.45695364238410596,0.4316939890710383,0.516019311555588,0.47366054690126397,0.00021914050430383203,0.00037975276674264037
CHRISTIAN EHRHOFF,0.6067796610169491,0.5486486486486486,0.524494188165842,0.4861792911828421,0.0005906923216888147,0.0007510339122927506
CHRISTIAN FOLIN,0.42028985507246375,0.37230769230769234,0.5066831360615208,0.49134166279071,0.00033650658624653995,0.00041090929654107093
CHRISTIAN THOMAS,0.66,0.5121951219512195,0.5239593354911034,0.4806296692377006,7.528305014125292e-05,4.684317379758468e-05
CHRISTOPH BERTSCHY,0.27586206896551724,0.11111111111111116,0.5142117902906613,0.4806296692377006,3.0158394274348364e-05,1.5250805694845987e-05
CHRISTOPHER TANEV,0.46812080536912754,0.43726800296956203,0.5193703307622993,0.47935191060803656,0.0009635352840471279,0.0010409427067130592
CLARKE MACARTHUR,0.5652173913043478,0.5818181818181818,0.5193703307622993,0.4806296692377006,4.315766016538588e-05,7.14545145228839e-05
CLAUDE GIROUX,0.6016759776536312,0.5655577299412916,0.5181801663687596,0.4699099395797644,0.0008875467448498997,0.0007656871940934919
CLAYTON STONER,0.4985549132947977,0.44217687074829937,0.5193703307622993,0.4806296692377006,0.0005616233700066512,0.00048565214028081717
CODY BASS,0.46601941747572817,0.27472527472527475,0.5193703307622993,0.45670393061379294,0.00015020425514526811,9.754667396217558e-05
CODY EAKIN,0.4849683544303797,0.4657012195121951,0.5193703307622993,0.4806296692377006,0.0009960313105042654,0.0008961643554441944
CODY FRANSON,0.5472813238770685,0.5330296127562643,0.5193703307622993,0.4972327694628414,0.000629097729737072,0.0006311959518894928
CODY GOLOUBEF,0.4896988906497623,0.4191919191919192,0.5193703307622993,0.47191432111642,0.0005057093692290643,0.0004967908981740737
CODY HODGSON,0.5858310626702997,0.5779569892473118,0.5335380483483965,0.48200341708139083,0.0003751208745727246,0.0003353054895549728
COLE SCHNEIDER,0.56,0.4375,0.5241734529007025,0.47586440513743206,2.5947771463906027e-05,2.2827817227993648e-05
COLIN GREENING,0.6094674556213018,0.5947521865889213,0.5277475407805446,0.49626670186207755,0.00034533873647930554,0.00027182339507757393
COLIN MCDONALD,0.8888888888888888,0.34042553191489366,0.5244222547832955,0.48109232369347465,9.907166046461803e-06,3.9933072361606594e-05
COLIN MILLER,0.5404580152671755,0.5516637478108581,0.520830907466892,0.49644779575692866,0.0005405866196222411,0.0005148516044980328
COLIN WILSON,0.5576036866359447,0.5588972431077694,0.5305228014867182,0.488050126186675,0.0006912292044134014,0.0005316069233714644
COLTON SCEVIOUR,0.5045146726862303,0.42713567839195976,0.5193703307622993,0.47408627077961285,0.0007601527167085302,0.0006111267412668648
CONNOR BRICKLEY,0.44715447154471544,0.38372093023255816,0.5140279890474564,0.4655022944595773,0.00014064510350603402,0.00020913497723863103
CONNOR BROWN,0.5939849624060151,0.6612903225806452,0.5193703307622993,0.4921725168329274,7.946842003209803e-05,5.975738763214708e-05
CONNOR CARRICK,0.5639686684073107,0.5813953488372092,0.5243722407630633,0.48821240451969494,0.00028829077239257727,0.00023282867559017823
CONOR SHEARY,0.6161879895561357,0.5555555555555556,0.5141220180404174,0.4857206133610147,0.0003163033224153956,0.00033740048996918167
CORBAN KNIGHT,0.43884892086330934,0.4029850746268657,0.5143692506931749,0.4859781076498431,0.00017679957322734314,0.00013216760460494048
COREY POTTER,0.6206896551724138,0.6206896551724138,0.5193703307622993,0.49624077729845983,0.0,5.295184985131143e-05
CRAIG CUNNINGHAM,0.3867924528301887,0.472972972972973,0.5187740636921769,0.4806296692377006,0.0001197211084332064,0.00010383188697393832
CURTIS MCKENZIE,0.47058823529411764,0.3928571428571429,0.5193703307622993,0.4806296692377006,1.4716707670072969e-05,1.725586321566719e-05
DAINIUS ZUBRUS,0.4845814977973568,0.4382470119521913,0.5178691309331568,0.4780346443248799,0.00041392146730892326,0.000285902498141128
DALE WEISE,0.56815578465063,0.5594965675057209,0.5193703307622993,0.504038862039327,0.0006822540189777139,0.0006554422236708311
DALTON PROUT,0.48548199767711964,0.4360655737704918,0.5193703307622993,0.4806296692377006,0.0008080339910229881,0.0008076716439662538
DAMON SEVERSON,0.548618219037871,0.48414179104477617,0.5215817319452486,0.4806296692377006,0.000647529391632677,0.0007391964566088406
DANIEL CARR,0.5771144278606966,0.6006600660066006,0.5193703307622993,0.48101186253043443,0.00018930704028500043,0.00027167662447329116
DANIEL CATENACCI,0.37777777777777777,0.5,0.5193703307622993,0.4806296692377006,9.502574078240077e-05,8.139653496768418e-05
DANIEL PAILLE,0.34579439252336447,0.26618705035971224,0.5193703307622993,0.4475078642519171,0.0001046980600684783,0.00018029380119646257
DANIEL SPRONG,0.4148148148148148,0.5174825174825175,0.5140358393513748,0.49101195882347215,0.0001234707307554344,0.0001595692558549811
DANIEL WINNIK,0.46263736263736266,0.4703389830508474,0.5184718817422184,0.4806296692377006,0.0008165057153202411,0.00070361534803946
DANNY DEKEYSER,0.4854961832061069,0.4048716260697828,0.5216498330597381,0.47299010045877865,0.0009754853107908544,0.0011294871998780592
DARREN DIETZ,0.4827586206896552,0.5205479452054795,0.5172555881166288,0.48602377830280064,0.0001516804194600419,0.00017904332635853542
DAVE BOLLAND,0.4304635761589404,0.38064516129032255,0.5193703307622993,0.4826617197849602,0.00026186433862388224,0.0002465457186368004
DAVE DZIURZYNSKI,0.3010752688172043,0.3422818791946308,0.5193703307622993,0.47269381157419504,8.015597144296671e-05,0.00016194859574583326
DAVID DESHARNAIS,0.590030518819939,0.5386289445048966,0.5316032271671276,0.494727658429867,0.000764076481124601,0.000636488865215105
DAVID KREJCI,0.5758389261744966,0.5426074289876184,0.5298086630504897,0.49300329676206106,0.0009242411124579902,0.0010869696229600743
DAVID PASTRNAK,0.5318818040435459,0.5231607629427792,0.520693250042707,0.4904697541459347,0.0004591069706135658,0.0006124278920398149
DAVID RUNDBLAD,0.6153846153846154,0.5471698113207547,0.5244032294826804,0.4860423620435408,0.00019353366736428056,6.0032687465336614e-05
DAVID SAVARD,0.4907849829351536,0.4380358534684333,0.5193703307622993,0.4794192960325773,0.0010737645575034016,0.0008271844349028932
DAVID SCHLEMKO,0.5349369988545246,0.4986175115207373,0.5193703307622993,0.4843333575564342,0.0005821511370805178,0.0007529449507889538
DAVID WARSOFSKY,0.6236933797909407,0.5558194774346794,0.5266437281226851,0.49580204398038724,0.00022630980572591354,0.0003476640643707805
DEAN KUKAN,0.5967741935483871,0.46327683615819204,0.5390128876169363,0.4806296692377006,6.910343021633213e-05,0.0001280304202534094
DENNIS EVERBERG,0.36619718309859156,0.3089887640449438,0.49322258103362315,0.48607986531613206,0.00010978255523059635,0.0001659639966639581
DENNIS RASMUSSEN,0.49283667621776506,0.49014084507042255,0.5193703307622993,0.4806296692377006,0.00028788011037913006,0.00027252515468782204
DEREK DORSETT,0.44069912609238454,0.44291609353507566,0.5179366755272357,0.47574091278160213,0.0006149066729814144,0.0006095050855262772
DEREK FORBORT,0.6262626262626263,0.5645933014354068,0.5193703307622993,0.4758575051958108,9.236154660611373e-05,0.00023082498191273154
DEREK GRANT,0.44761904761904764,0.4386792452830188,0.5193703307622993,0.4806296692377006,0.00010807658577377223,0.0002501207102818172
DEREK RYAN,0.6938775510204082,0.5081967213114754,0.5243651490173947,0.4806296692377006,6.655762683789498e-05,3.964775550326356e-05
DEREK STEPAN,0.5275,0.5077805077805078,0.5267901884483651,0.48652714857559654,0.0008249592742999836,0.000798883322215216
DERRICK POULIOT,0.6120218579234973,0.5617977528089888,0.5489414794987028,0.4959326310064083,0.0003640742582281965,0.00029404948791553084
DEVANTE SMITH-PELLY,0.4821150855365474,0.5,0.5193703307622993,0.48198862347655896,0.0005890715130368664,0.0006097226404044548
DEVIN SHORE,0.3387096774193548,0.33870967741935487,0.5193703307622993,0.4712343168571506,0.0,6.777209901517865e-05
DION PHANEUF,0.5495841330774153,0.52765126870527,0.5122030179543885,0.4839600978485661,0.0011942993589498714,0.0011630891544568737
DMITRIJ JASKIN,0.5655296229802513,0.5494350282485876,0.5203626503488056,0.4816072307627581,0.0004853717896701468,0.000519632410701289
DMITRY KULIKOV,0.46825396825396826,0.4292343387470998,0.5174616660201832,0.4781205732515812,0.000983774812466723,0.0009534559083654725
DMITRY ORLOV,0.5580016934801016,0.5327257663628832,0.5201364362467116,0.48661117057136927,0.0008291465913941335,0.0010321423252065958
DOMINIK SIMON,0.6363636363636364,0.5,0.5193703307622993,0.4806296692377006,2.4598709798320943e-05,1.129502284986277e-05
DREW SHORE,0.3888888888888889,0.40740740740740744,0.5193703307622993,0.4806296692377006,2.0324517420380766e-05,1.5382674096085473e-05
DUNCAN KEITH,0.5220689655172414,0.500599520383693,0.5252219998290927,0.47851783184151914,0.0009488791849214428,0.0011319597322807207
DUSTIN BYFUGLIEN,0.5725888324873096,0.5513024986709197,0.5049593533791095,0.49413874462782714,0.0011105134107032403,0.0011222472007081552
DUSTIN JEFFREY,0.5111111111111111,0.40740740740740744,0.5193703307622993,0.4806296692377006,4.286954046391014e-05,8.024009820251501e-05
DYLAN DEMELO,0.5811808118081181,0.5188470066518847,0.5354099644462975,0.4806296692377006,0.00044045439774302293,0.00040069615664708736
DYLAN LARKIN,0.6057692307692307,0.5342902711323764,0.5141708529129071,0.49170864070115433,0.0007381804542516277,0.0008978544612978893
DYLAN MCILRATH,0.45294117647058824,0.5331325301204819,0.5193703307622993,0.4806296692377006,0.0004918337745659019,0.0002513675518812108
DYLAN OLSEN,0.5555555555555556,0.4105960264900662,0.5285463279613616,0.4763528250514788,1.1911637107633038e-05,0.00016503591044317518
ELIAS LINDHOLM,0.5911262798634812,0.56544901065449,0.5430069924378453,0.488626228636941,0.0008811785188257035,0.0008494028407732254
EMILE POIRIER,0.6808510638297872,0.6808510638297872,0.5193703307622993,0.4806296692377006,0.0,4.8381005094995636e-05
ERIC BOULTON,0.2903225806451613,0.37777777777777777,0.5193703307622993,0.4806296692377006,2.460315273689834e-05,6.304353278498087e-05
ERIC FEHR,0.4153846153846154,0.4022257551669316,0.5072319873256538,0.4735226454713294,0.0005500794079684232,0.0005040270659819616
ERIC NYSTROM,0.43908629441624364,0.38620689655172413,0.5180242884912674,0.4806296692377006,0.00036121250394055836,0.00046537660222719144
ERIC SELLECK,0.3888888888888889,0.38888888888888884,0.5193703307622993,0.4806296692377006,0.0,2.0519168345348012e-05
ERIC TANGRADI,0.6363636363636364,0.6363636363636364,0.5193703307622993,0.4806296692377006,0.0,6.655076259996113e-06
ESA LINDELL,0.5434782608695652,0.31818181818181823,0.5193703307622993,0.4806296692377006,9.785639533923832e-05,1.9505925851362886e-05
EVAN RODRIGUES,0.782608695652174,0.6956521739130435,0.5291918045814712,0.48607441614764774,2.6562654554053815e-05,1.5786024104518163e-05
EVANDER KANE,0.5657894736842105,0.5143769968051118,0.5328055092381424,0.49013424033388503,0.0008782852549957294,0.000861356251418795
EVGENY KUZNETSOV,0.5886031966643502,0.5626477541371158,0.5183997996459869,0.5003803735216646,0.0008788526759800488,0.0007895729334711793
FEDOR TYUTIN,0.4589322381930185,0.45443786982248524,0.5096799045277993,0.4806296692377006,0.0007606754845373289,0.0007889006786671879
FILIP FORSBERG,0.5939643347050755,0.5467196819085487,0.5139427514940342,0.47433363496437714,0.0009701240878815353,0.0008988241713269391
FRANK CORRADO,0.532258064516129,0.5580448065173116,0.5193703307622993,0.49210014120073986,0.0005133724378564342,0.0004886653311504983
FRANK VATRANO,0.528395061728395,0.4890510948905109,0.5193703307622993,0.4806296692377006,0.000369640216754345,0.00029472616493655837
FRANS NIELSEN,0.5564575645756458,0.5203426124197001,0.5129733018179882,0.4806296692377006,0.0010076828505691875,0.0008890887070213579
FREDDIE HAMILTON,0.5714285714285714,0.4,0.5193703307622993,0.4806296692377006,6.33760291554012e-05,2.160938208070107e-05
FREDERIK GAUTHIER,0.3629032258064516,0.25531914893617025,0.5139201346838679,0.4658936896716389,0.00011963692821827021,7.599992983229161e-05
FREDRIK CLAESSON,0.5235602094240838,0.42815249266862165,0.5193703307622993,0.4806296692377006,0.00019737336805952574,0.00028945310697775533
GABRIEL BOURQUE,0.39,0.4401408450704225,0.5145413266900263,0.47619957176620475,0.0002351836600269552,0.00021841140822308007
GARRETT WILSON,0.5329949238578681,0.4885844748858448,0.5191530636069102,0.4806296692377006,0.0001941731031060029,0.00021217817277699067
GREG MCKEGG,0.5394736842105263,0.359375,0.5193703307622993,0.4468704708701259,4.03842858590465e-05,0.00013565094776283262
GREG PATERYN,0.478584729981378,0.44028520499108736,0.5193703307622993,0.47960750519581086,0.0004468027626349291,0.0005833925843464426
GRIFFIN REINHART,0.4624277456647399,0.41402714932126694,0.5178761453560257,0.4856300529675548,0.0004354742740656842,0.0003454972525439413
GUSTAV OLOFSSON,0.46153846153846156,0.4666666666666667,0.5193703307622993,0.4806296692377006,6.520640063758001e-06,1.7149521947750115e-05
HARRY ZOLNIERCZYK,0.5789473684210527,0.5789473684210527,0.5193703307622993,0.5014768731684541,0.0,2.1427424363007398e-05
HUDSON FASCHING,0.5789473684210527,0.5,0.5193703307622993,0.48226433062834606,2.7915378053112683e-05,0.00010747725104058647
IAN COLE,0.467680608365019,0.43830888697152715,0.5151751657839422,0.4736899649118495,0.0008130649940915381,0.0009323318214286637
IIRO PAKARINEN,0.4576271186440678,0.41242038216560506,0.5138434071307865,0.4806296692377006,0.0004681931274391953,0.0005134127400350757
J.T. MILLER,0.5147058823529411,0.53839590443686,0.520239171332284,0.4881810314849233,0.0008179169367035474,0.0009487784792575138
JACK JOHNSON,0.4882664647993944,0.42607428987618357,0.5193703307622993,0.4806296692377006,0.0008798625022913376,0.0009308986470318384
JACK SKILLE,0.44153577661431065,0.3939393939393939,0.5018423694171998,0.45854550120089926,0.00048641781941805555,0.00045962172265558203
JADEN SCHWARTZ,0.5773809523809523,0.5416666666666667,0.5193703307622993,0.4988793178611938,0.00025664310043478834,0.00046814380662449264
JAKE MUZZIN,0.5941375422773394,0.545739675901725,0.5442959723173569,0.48727790739212123,0.0013958091489661018,0.0013358911431157825
JAKE VIRTANEN,0.534516765285996,0.5284403669724771,0.5143760943439005,0.48348866735802615,0.0004718069379819804,0.00044814441467858665
JAKOB SILFVERBERG,0.5077574047954866,0.47116165718927705,0.5183408688143856,0.4806296692377006,0.0008487639774566218,0.0007930323879267256
JAKUB KINDL,0.5843920145190563,0.5569620253164558,0.5402087517245409,0.49636263634241706,0.0006182881686536056,0.0005864628881948094
JAKUB NAKLADAL,0.5492537313432836,0.5825545171339563,0.5193703307622993,0.5059143821172892,0.00022624164691519878,0.0002823608530013878
JAMIE BENN,0.5796252927400468,0.5548152634766808,0.5193703307622993,0.4585865016521224,0.0009945663779092754,0.0009972507118822783
JAMIE MCGINN,0.5532994923857868,0.5616797900262467,0.5245766738642932,0.49180095510216476,0.0007502065255303153,0.0008997694951927724
JAMIE OLEKSIAK,0.46835443037974683,0.5419847328244275,0.5193703307622993,0.4806296692377006,0.0003205642708190671,0.00017143423981918105
JARED SPURGEON,0.5047862156987875,0.4861025324274243,0.5193703307622993,0.4836165680468158,0.0010335206353552563,0.001283341668131103
JARRED TINORDI,0.49333333333333335,0.36111111111111116,0.5193703307622993,0.4706916468982992,0.00012249517333800663,0.00023563890629669495
JASON DICKINSON,0.4583333333333333,0.4583333333333333,0.5193703307622993,0.4806296692377006,3.050949516863593e-05,0.0
JASON ZUCKER,0.512846865364851,0.5073221757322175,0.5193703307622993,0.4760237408870915,0.0007491049435330399,0.0006676565250443976
JAY BEAGLE,0.4366576819407008,0.4347826086956522,0.512971933100439,0.48574216687430494,0.0005910393607379261,0.0004626452420172929
JAYSON MEGNA,0.5391304347826087,0.6799999999999999,0.5242793866389852,0.4806296692377006,9.738590118540269e-05,1.575218969496725e-05
JC LIPON,0.5806451612903226,0.4117647058823529,0.523739351132191,0.4806296692377006,5.864624924511304e-05,3.4932685602529444e-05
JEFF CARTER,0.5632570659488559,0.5833333333333333,0.5185332714684834,0.4991889848513316,0.000848683701755082,0.0008105752865128798
JEFF PETRY,0.5446428571428571,0.5072314049586777,0.5160523148979753,0.4901725065398127,0.0007089498770747351,0.0008522990677317536
JEFF SCHULTZ,0.41379310344827586,0.41379310344827586,0.5193703307622993,0.4806296692377006,2.916419070460641e-05,0.0
JEREMY WELSH,0.7083333333333334,0.7083333333333334,0.5339642490754519,0.4806296692377006,3.6245865181584364e-05,0.0
JESPER FAST,0.4476102941176471,0.39777983348751156,0.5210389074297299,0.48094501719604543,0.0008546791868889442,0.0008084770474505106
JIM O'BRIEN,0.3888888888888889,0.4339622641509434,0.5193703307622993,0.475691263168445,1.526745042560427e-05,4.016295723155706e-05
JIMMY HAYES,0.5085653104925053,0.5048025613660618,0.5211324883922601,0.48607986531613206,0.0006936515807123268,0.0006608733897428929
JIRI SEKAC,0.5408163265306123,0.5895316804407713,0.5227360810357088,0.49903471696381635,0.0003985449412618804,0.0003082317860320139
JOAKIM ANDERSSON,0.4110429447852761,0.37890625,0.5142171574741794,0.4570467393123721,0.00013184085139480737,0.0002442296325648448
JOAKIM NORDSTROM,0.46827794561933533,0.44683257918552033,0.5113823737826964,0.47830042655966976,0.0007326931865216033,0.0006099379552259996
JOE COLBORNE,0.5467695274831244,0.5133843212237094,0.5301739488080719,0.4836229818494754,0.0007832146603081241,0.0008017028949278273
JOE MORROW,0.4762773722627737,0.5174825174825175,0.5193703307622993,0.48248147947528325,0.0004618634403156462,0.0003775960232665556
JOE THORNTON,0.6736156351791531,0.6001446131597976,0.5468687185531544,0.4467827181092231,0.0012894764541610702,0.000852610133573747
JOE VITALE,0.5,0.5,0.5193703307622993,0.4806296692377006,1.712607529520291e-05,0.0
JOEL ARMIA,0.5145833333333333,0.5087281795511223,0.5193703307622993,0.4806296692377006,0.00041708215561805787,0.0003300841145813163
JOEL EDMUNDSON,0.5077319587628866,0.503921568627451,0.5199546625595343,0.4820865385774474,0.000556833860740085,0.0008479910663027849
JOEL HANLEY,0.46206896551724136,0.4700854700854701,0.5193703307622993,0.4806296692377006,0.00013853658186083857,0.00013479874380435466
JOEL VERMIN,0.6122448979591837,0.4285714285714286,0.5193703307622993,0.4756452309436884,6.583129110676533e-05,3.568595177413594e-05
JOEL WARD,0.5617378048780488,0.4956293706293706,0.5241634614225525,0.4806296692377006,0.0008391197573382776,0.0008455551405062363
JOHAN FRANZEN,0.55,0.4,0.5193703307622993,0.4806296692377006,2.58087054687963e-05,2.854842188348034e-05
JOHN CARLSON,0.5344101123595506,0.5139240506329115,0.5187685368030842,0.4796621314336244,0.0008531858446991043,0.0007933166946523956
JOHN MCCARTHY,0.0,0.0,0.49833008597291967,0.4806296692377006,2.7918957213833827e-05,0.0
JOHN MCFARLAND,0.32608695652173914,0.32608695652173914,0.5193703307622993,0.4806296692377006,4.703579183678218e-05,0.0
JOHN MOORE,0.4581005586592179,0.4089191232048375,0.509074868562107,0.48084697737935805,0.0007015218234250248,0.0008113287890339914
JOHN RAMAGE,0.2727272727272727,0.2727272727272727,0.5144697242342342,0.4806296692377006,5.7686709618904304e-05,0.0
JOHN SCOTT,0.4634146341463415,0.515625,0.5092153854435488,0.4857186864872655,6.454666871885621e-05,8.929517866667186e-05
JONATHAN DROUIN,0.5681818181818182,0.5416666666666667,0.5242813135127345,0.48097609523858664,0.00019612132840442998,0.0002356235892549177
JONATHAN MARCHESSAULT,0.6385542168674698,0.5714285714285714,0.5349485634966747,0.4821561527104206,0.0005191027988025209,0.00033812814530830487
JONATHAN TOEWS,0.5553447185325743,0.5198204936424832,0.5347023915970732,0.481566012500477,0.0010498306327415188,0.001004553787829137
JOONAS DONSKOI,0.5912263210368893,0.5255863539445629,0.5392517107313531,0.48085750519581083,0.0006857664744304919,0.0006676591912950717
JOONAS KEMPPAINEN,0.41625615763546797,0.35906040268456374,0.5193703307622993,0.4786070635564705,0.0003338372805817485,0.0005328352999045007
JORDAN CARON,0.38235294117647056,0.6153846153846154,0.5193703307622993,0.4806296692377006,4.6993033441223696e-05,1.511561052145104e-05
JORDAN NOLAN,0.5654952076677316,0.45920303605313095,0.5276179388029041,0.4860009860148308,0.000274136965857734,0.0004530191424001926
JORDAN SCHROEDER,0.4407894736842105,0.47122302158273377,0.5114519025170181,0.4806296692377006,0.00017574608883977376,0.0002711840132287385
JORDAN WEAL,0.47115384615384615,0.49090909090909096,0.5193703307622993,0.4806296692377006,0.00013472022376795608,8.720781128366004e-05
JOSEPH BLANDISI,0.5190839694656488,0.51875,0.5193703307622993,0.47791646359253936,0.00029253857797851765,0.00045411132584944393
JOSH ARCHIBALD,0.125,0.125,0.5193703307622993,0.4806296692377006,7.57058456440059e-06,0.0
JOSH JOORIS,0.4176,0.4444444444444444,0.49516946052458655,0.47387284174866084,0.0005222479114447489,0.0006071971599971688
JOSH LEIVO,0.654639175257732,0.5,0.5571261686927111,0.4806296692377006,0.00021624462304633448,7.887995251918438e-05
JOSH MANSON,0.5151273885350318,0.5034146341463415,0.5193703307622993,0.4806296692377006,0.0009760387630656162,0.0007848509871226368
JOSHUA MORRISSEY,0.42857142857142855,0.42857142857142855,0.5193703307622993,0.4806296692377006,2.9706766792236145e-05,0.0
JUJHAR KHAIRA,0.4759036144578313,0.45238095238095233,0.5145413266900263,0.4806296692377006,0.000164813859514511,0.00012147135770733319
JUSSI JOKINEN,0.5406226271829917,0.5038759689922481,0.5194459393037146,0.4812088260907341,0.0009396459354318054,0.0008948295971144059
JUSTIN ABDELKADER,0.5668276972624798,0.5,0.526262950017732,0.4756348509826052,0.0008825907454969724,0.0009149613003619935
JUSTIN BRAUN,0.5122634898388227,0.42566619915848525,0.5176601202185552,0.46603599578505905,0.0011035280662128643,0.0009061405214497464
JUSTIN FALK,0.46946564885496184,0.4151898734177215,0.5193703307622993,0.4806296692377006,0.000225118392222915,0.00036248675615496966
JUSTIN FAULK,0.5797799174690509,0.5121612230715775,0.5355372973941211,0.4814646607076387,0.00097838314706149,0.0009744561353441911
JUSTIN WILLIAMS,0.572753209700428,0.5383360522022839,0.5239762216971994,0.4808709074971938,0.0008780137738343804,0.0008963445730434334
JYRKI JOKIPAKKA,0.49056603773584906,0.44342105263157894,0.5193703307622993,0.4786693283693144,0.0006851260014058582,0.0007048811978843963
KAEL MOUILLIERAT,0.3333333333333333,0.33333333333333337,0.5193703307622993,0.4806296692377006,0.0,1.1542450352319632e-05
KASPERI KAPANEN,0.6149425287356322,0.5316455696202531,0.5193703307622993,0.49026804555214637,0.0001699496804098731,5.9986785661958564e-05
KEITH YANDLE,0.5591116917047682,0.5502680965147453,0.5184318457000534,0.5025089987112907,0.0009616961905416246,0.001203415105840179
KENNY AGOSTINO,0.5869565217391305,0.5869565217391305,0.5193703307622993,0.4806296692377006,2.9059115638120628e-05,0.0
KERBY RYCHEL,0.4634146341463415,0.4347826086956522,0.5193703307622993,0.4856791665901678,0.00018513786125397662,0.00016769540190879548
KEVAN MILLER,0.45003996802557955,0.4385521885521886,0.5181020958230735,0.4722662784903773,0.0011287094172732792,0.0010396424508582408
KEVIN GRAVEL,0.5392156862745098,0.5392156862745099,0.5193703307622993,0.4806296692377006,0.0,0.00011070809763990846
KEVIN HAYES,0.5469083155650319,0.5099009900990099,0.5193703307622993,0.4806296692377006,0.0006990813108462855,0.000737833556757492
KEVIN KLEIN,0.45601851851851855,0.44409199048374304,0.5144512789443499,0.4806296692377006,0.0009925437252988945,0.0010936924966182798
KEVIN PORTER,0.42789598108747046,0.43425076452599387,0.5289163243731263,0.4806296692377006,0.00038097137049531175,0.0003041383837697555
KEVIN SHATTENKIRK,0.5570745044429255,0.5063739376770537,0.52461663952356,0.48089883226600094,0.0011033686419102595,0.0010051178938556738
KRIS LETANG,0.5930892212480661,0.5354374307862679,0.5401825239680413,0.4709802290434051,0.001129032291552741,0.0010610274444384008
KURTIS GABRIEL,0.3157894736842105,0.3157894736842105,0.5085601867418037,0.4806296692377006,2.1599824366485185e-05,0.0
KYLE BAUN,0.4117647058823529,0.4,0.5193703307622993,0.4806296692377006,5.016713177838368e-05,1.1333761104551892e-05
KYLE CHIPCHURA,0.42452830188679247,0.4189852700490998,0.5040660807951521,0.4781181842487176,0.0005403817755720002,0.0004759745323770733
KYLE CLIFFORD,0.5734406438631791,0.49202733485193617,0.5271028962236346,0.48298015361788965,0.00041771488359485876,0.0003508985027498068
KYLE QUINCEY,0.48401162790697677,0.41045606229143494,0.5193703307622993,0.4728077379230136,0.000602427592284134,0.0008236288068023013
KYLE RAU,0.575,0.5272727272727273,0.5243106217386679,0.4806296692377006,7.480977084599907e-05,8.549505358451472e-05
KYLE TURRIS,0.5792910447761194,0.5331465919701214,0.5187993063440188,0.4963752358411668,0.0007706083829581163,0.0006987664139110616
LADISLAV SMID,0.4521072796934866,0.43891402714932126,0.5193703307622993,0.4806296692377006,0.00021742454401047176,0.00020711242374405703
LANCE BOUMA,0.419921875,0.37154150197628455,0.5068728488721279,0.4681904701978484,0.00044345908571905105,0.0003922106243329113
LARS ELLER,0.5356803044719315,0.5034602076124568,0.5204083516121636,0.48286527871020746,0.0007458831243457538,0.0008309085941417766
LAURENT DAUPHIN,0.5142857142857142,0.4173913043478261,0.5193703307622993,0.47109363869304777,3.536554413667781e-05,9.280108147919937e-05
LEE STEMPNIAK,0.4897045658012534,0.4705014749262537,0.5193703307622993,0.48175183188150184,0.0006882576729635308,0.0009360318287619665
LEON DRAISAITL,0.5723320158102767,0.5659609120521172,0.5217215899053842,0.5032123737502792,0.0007944008943948044,0.0007652459915690249
LOGAN COUTURE,0.6316316316316316,0.5724233983286908,0.551496296619289,0.4860321805900237,0.0008281502748493132,0.0005403290180140369
LUCA SBISA,0.4440894568690096,0.37201907790143085,0.5129078639961614,0.4700040209603887,0.000452587819493557,0.0007334920054629787
LUCAS LESSIO,0.4491525423728814,0.5,0.5087644892684126,0.4806296692377006,0.00013362771139337307,9.400985028667996e-05
LUKE GAZDIC,0.5298013245033113,0.4278350515463918,0.5193703307622993,0.4806296692377006,0.00013651052517194402,0.00012898398009585945
LUKE SCHENN,0.47418244406196214,0.4394319131161236,0.5213336268018944,0.47559341040991243,0.0010577183637871693,0.0010243794044710653
LUKE WITKOWSKI,0.6346153846153846,0.6346153846153846,0.52415731301082,0.4806296692377006,4.759750416737988e-05,0.0
MAGNUS PAAJARVI,0.5693069306930693,0.5294117647058824,0.5251898755616774,0.4937321595241126,0.00047839826391915465,0.000447380073634218
MARC-ANDRE GRAGNANI,0.3888888888888889,0.6571428571428571,0.5193703307622993,0.4806296692377006,9.939973282318383e-06,6.619558401470831e-05
MARC-EDOUARD VLASIC,0.5397769516728624,0.46385964912280697,0.5193703307622993,0.48143043093001614,0.0009229430952799257,0.0008798886379901824
MARCO SCANDELLA,0.4657637321294206,0.42889054355919587,0.5094651232168907,0.4757318185503763,0.000967367800685055,0.0010598389112293576
MARCUS KRUGER,0.4196078431372549,0.400390625,0.49896207180744784,0.4759628082829261,0.0004445340267164496,0.000413073840323406
MAREK HRIVIK,0.2571428571428571,0.4,0.4825955570214591,0.4806296692377006,7.725238841477227e-05,2.9797944638357624e-05
MAREK ZIDLICKY,0.5483503981797497,0.5007949125596185,0.5193703307622993,0.4756307493068251,0.0006888374411908385,0.0005659152566403142
MARK ARCOBELLO,0.6538461538461539,0.6290322580645161,0.5308978222414568,0.4785363758227081,0.00017435657374145934,0.0002486079719678182
MARK BARBERIO,0.541371158392435,0.5392670157068062,0.5193703307622993,0.4806296692377006,0.0002983600376793951,0.00031102057120400295
MARK FAYNE,0.4661016949152542,0.44241922120961064,0.5140817319452485,0.4806296692377006,0.0008918049529428907,0.0010343342099507062
MARK GIORDANO,0.558078141499472,0.48021108179419525,0.5255753753575051,0.4814307859381092,0.0012351972708130523,0.0011521331934427478
MARK LETESTU,0.47058823529411764,0.4265975820379966,0.5161230669903758,0.47897994189114074,0.0007777834545602922,0.0008952614354021422
MARK MCNEILL,0.3333333333333333,0.33333333333333337,0.5193703307622993,0.4806296692377006,0.0,1.4766258163589697e-05
MARK PYSYK,0.5198973042362003,0.5162127107652399,0.5178734038831154,0.4806296692377006,0.0006069633687616485,0.0006452337037867148
MARK SCHEIFELE,0.5989932885906041,0.5665369649805447,0.5419372596280686,0.4987117309711834,0.0006507571588930816,0.0007502393340840057
MARK STREIT,0.5387348969438521,0.5135363790186125,0.5241665862430522,0.4806296692377006,0.0009797572714016387,0.0009036054897469259
MARKO DANO,0.5587529976019184,0.5472312703583062,0.5209244997923617,0.4806296692377006,0.0003408584254806582,0.00023058468624190845
MARKUS GRANLUND,0.47242921013412814,0.4101995565410199,0.5185253164944913,0.4806296692377006,0.0005198021819059672,0.00038954965773545534
MARKUS HANNIKAINEN,0.34146341463414637,0.18181818181818177,0.5193703307622993,0.4806296692377006,4.0872541564882624e-05,1.1868811580919111e-05
MARTIN HANZAL,0.5667808219178082,0.5292397660818713,0.5327789069557527,0.4958694230290193,0.0007263491329940236,0.0007733814484878382
MARTIN HAVLAT,0.5294117647058824,0.5294117647058824,0.5193703307622993,0.48553027576576574,0.0,5.2290796990323885e-05
MASON RAYMOND,0.5079006772009029,0.5220883534136547,0.5193703307622993,0.4806296692377006,0.00037372950821423935,0.0001778843695550113
MATT BELESKEY,0.5410628019323671,0.5277088502894954,0.5248655676408646,0.4908659836453975,0.0008235128090150849,0.0008225073390644324
MATT DUMBA,0.5547138047138047,0.5196232339089482,0.5348740767285592,0.48435705083372865,0.0009386431771965417,0.0012328074892070735
MATT GREENE,0.3968253968253968,0.3968253968253968,0.5088846219381032,0.4806296692377006,0.0001240631493847143,0.0
MATT HALISCHUK,0.46855345911949686,0.42028985507246375,0.5193703307622993,0.4859182680547514,0.0003273524756819246,0.0001363252457632148
MATT IRWIN,0.45454545454545453,0.45454545454545453,0.5193703307622993,0.4806296692377006,8.793190778080628e-05,0.0
MATT NIETO,0.5261044176706827,0.4231227651966627,0.5193703307622993,0.4806296692377006,0.0007135892339875391,0.0006791743657158014
MATT PUEMPEL,0.43037974683544306,0.4699453551912568,0.5136047396687563,0.4806296692377006,0.0003867353400406966,0.00017409097878825824
MATT READ,0.5284191829484902,0.5035460992907801,0.5244385745799357,0.4814283299361394,0.0007869641466619336,0.0007312611964638477
MATT TAORMINA,0.5084745762711864,0.5084745762711864,0.5193703307622993,0.4806296692377006,0.0,7.160527424403333e-05
MATTHEW CARLE,0.48088064889918886,0.4137931034482759,0.5179328535268298,0.47761030119060555,0.0007762001514002166,0.000963855969208206
MATTIAS EKHOLM,0.5398773006134969,0.5072765072765073,0.5193703307622993,0.4806296692377006,0.0009712422462117066,0.001077894149385857
MATTIAS JANMARK,0.5639175257731959,0.5213082259663033,0.5312712154633988,0.4837140851176812,0.0006495845301990104,0.0006726541090577654
MAX FRIBERG,0.43902439024390244,0.25,0.5193703307622993,0.4806296692377006,3.549138614106911e-05,1.7877321582383568e-05
MICHAEL CHAPUT,0.5104166666666666,0.4117647058823529,0.5193703307622993,0.4756307493068251,9.073090680334503e-05,3.0629807129239666e-05
MICHAEL FROLIK,0.4956989247311828,0.46175908221797324,0.5178303739790338,0.4791674764050804,0.0007698040668083479,0.0007237119572990394
MICHAEL KERANEN,0.5,0.5,0.5193703307622993,0.4806296692377006,0.0,1.9793389072920876e-05
MICHAEL KOSTKA,0.4694835680751174,0.40394088669950734,0.5169342903346573,0.4641557555264276,0.00019755413473474394,0.00018992334105308605
MICHAEL MATHESON,0.559322033898305,0.56,0.5290695121385122,0.4806296692377006,5.2582854560823654e-05,2.5785023524644968e-05
MICHAEL MCCARRON,0.467005076142132,0.49350649350649356,0.5193703307622993,0.4806296692377006,0.00022567961412181252,0.0001448985048421317
MICHAEL PALIOTTA,0.2727272727272727,0.2727272727272727,0.4984605148325011,0.4806296692377006,2.1403133818066984e-05,0.0
MICHAEL SGARBOSSA,0.7142857142857143,0.7142857142857143,0.5193703307622993,0.491013499726654,0.0,2.435733921409146e-05
MICHAEL STONE,0.4919881305637982,0.4946452476572959,0.5193703307622993,0.48276278989363136,0.001139616279077525,0.0009810260688354925
MICHAEL ZALEWSKI,0.4,0.5806451612903225,0.5193703307622993,0.491312069402809,4.396355776075484e-06,3.0358060948428856e-05
MICHAL JORDAN,0.5372093023255814,0.4796747967479674,0.5193703307622993,0.48085750519581083,0.0003226258846248273,0.0003888968761337575
MICHAL ROZSIVAL,0.4969173859432799,0.49544072948328266,0.5193703307622993,0.4806296692377006,0.000742330747378337,0.00048118158157247156
MICHEAL HALEY,0.38181818181818183,0.49397590361445787,0.5089927281475348,0.4840831101647109,0.00010200134303028094,7.529036802070262e-05
MIIKKA SALOMAKI,0.4683333333333333,0.44426494345718903,0.5193703307622993,0.4806296692377006,0.0005448826070457135,0.0004902487385598641
MIKAEL BACKLUND,0.5359741309620049,0.4905808477237049,0.5266045595367729,0.47911210934451665,0.0008702287343276872,0.0008195857907399623
MIKAEL GRANLUND,0.5582595870206489,0.5407055630936228,0.5345012323026047,0.4942400120805213,0.0008523714880371069,0.0008268434469984809
MIKE BLUNDEN,0.576271186440678,0.4390243902439024,0.5141220180404174,0.47598068844441194,9.262863599442063e-05,0.00010899272631793738
MIKE BROWN,0.43896713615023475,0.4331550802139037,0.5139268578135765,0.4806296692377006,0.00038563742809736456,0.00035043879895484825
MIKE FISHER,0.5310679611650485,0.5212677231025855,0.5216099067276005,0.4819956506705826,0.00077672589432745,0.0007479853667535266
MIKE HOFFMAN,0.5845447589900535,0.5270061728395061,0.5363619182269562,0.49515112220185364,0.0009293421657050195,0.0007955426306752249
MIKE RICHARDS,0.42557651991614254,0.4375,0.5122505819466272,0.4856348509826052,0.000404755712762054,0.00033320584548001986
MIKE SISLO,0.5384615384615384,0.4159663865546218,0.5193703307622993,0.4806296692377006,8.458994725350561e-05,0.00015034259208393424
MIKE WEBER,0.4931506849315068,0.41880341880341876,0.5193703307622993,0.4806296692377006,0.0004775670291883513,0.00048482720275332814
MIKHAIL GRABOVSKI,0.5390334572490706,0.4881889763779528,0.5193703307622993,0.4806296692377006,0.0006758091213957857,0.0005943250724549519
MIKHAIL GRIGORENKO,0.5,0.4439701173959445,0.5193703307622993,0.4806296692377006,0.0006854800975772099,0.0006638734795031901
MIKKO RANTANEN,0.4358974358974359,0.28985507246376807,0.52415731301082,0.4428228316196317,8.552946591387436e-05,8.628691271295801e-05
MILES WOOD,0.4666666666666667,0.4666666666666667,0.5193703307622993,0.4806296692377006,1.0373284006753972e-05,0.0
MORGAN ELLIS,0.5,0.5,0.5193703307622993,0.4806296692377006,0.0,6.855064135706445e-05
MORGAN RIELLY,0.5328358208955224,0.4823594266813671,0.5134335414003591,0.4806296692377006,0.0013736581068375933,0.0012151678287072654
NAIL YAKUPOV,0.5385656292286874,0.5286396181384247,0.5193703307622993,0.4788670274501288,0.0005300636608501399,0.0006351886127302976
NATE PROSSER,0.42084168336673344,0.39609236234458256,0.5075115007150777,0.47109274677742974,0.0005631018572859352,0.0005765061299672726
NATE THOMPSON,0.45471349353049906,0.3897550111358574,0.5084038610541761,0.4787975143222289,0.00046909011040426307,0.00035546734711368
NATHAN BEAULIEU,0.5335892514395394,0.5096251266464032,0.5193703307622993,0.4806296692377006,0.0007289030392737094,0.0008630455841834142
NATHAN MACKINNON,0.544468546637744,0.5014880952380952,0.5289292431233367,0.4820515734618535,0.0008139560054411061,0.000777725910644429
NIC DOWD,0.5714285714285714,0.7794117647058824,0.5090050592399828,0.5299068137645919,3.439133748470063e-05,8.415686434861202e-05
NIC PETAN,0.5551470588235294,0.5691489361702128,0.5091005467467599,0.48375711371897345,0.00022972206929682465,0.00015410472637800157
NICK LEDDY,0.5592028135990621,0.5292792792792793,0.5221204099389218,0.4836688739183302,0.0011022487899799557,0.0011599817043656975
NICK PAUL,0.4847328244274809,0.4375,0.5193703307622993,0.4806296692377006,0.0002662359213611828,0.0002569789702001744
NICKLAS BACKSTROM,0.5888059701492537,0.5354012137559002,0.5448221303055781,0.479535006656578,0.0008731886920289969,0.0007849374471630366
NICOLAS PETAN,0.4262295081967213,0.42622950819672134,0.5193703307622993,0.4755131647452874,0.0,5.5327402235725956e-05
NIKITA NESTEROV,0.5341246290801187,0.5189255189255189,0.5193703307622993,0.4806296692377006,0.0005537987604599814,0.0007141198815130717
NIKITA SOSHNIKOV,0.5789473684210527,0.5411764705882354,0.5193703307622993,0.4806296692377006,0.0001425817240940342,9.449212989464882e-05
NIKITA TRYAMKIN,0.3657142857142857,0.453125,0.5166514134004724,0.4755131647452874,0.0001597423094458374,0.0002695443410122451
NIKITA ZADOROV,0.49310344827586206,0.42021276595744683,0.5193703307622993,0.4806296692377006,0.00024184784233148863,0.00026759098281646835
NOAH HANIFIN,0.55119825708061,0.5592377796188899,0.5193703307622993,0.4811359432287656,0.0009086858040137211,0.0009131575282636578
NOEL ACCIARI,0.47058823529411764,0.39896373056994816,0.5193703307622993,0.4806296692377006,9.501548218057166e-05,0.0001376326480442142
OLIVER BJORKSTRAND,0.5974025974025974,0.4974874371859297,0.5236239417796729,0.4806296692377006,0.000140666871926844,0.0001313455051193778
OLIVER KYLINGTON,0.36666666666666664,0.3666666666666667,0.5193703307622993,0.4806296692377006,0.0,2.3488205288671363e-05
ONDREJ PALAT,0.5562565720294427,0.5217785843920145,0.5193703307622993,0.4811534003927364,0.0005958842321600286,0.0006868485571818663
OSKAR SUNDQVIST,0.5583333333333333,0.423469387755102,0.5193703307622993,0.4758102464607895,0.0001975635389397006,0.00020527541470833193
PATRICE BERGERON,0.5795943454210203,0.5896596858638743,0.5286576550648677,0.4918305964008009,0.0010805832950245937,0.0011209068527644867
PATRICE CORMIER,0.8,0.8,0.5292983363911171,0.4806296692377006,3.7681692317680005e-05,0.0
PATRICK EAVES,0.5994550408719346,0.563467492260062,0.5236499658280579,0.48572634726155073,0.0006358933261723963,0.0005143055058349721
PATRICK MARLEAU,0.6060217809096733,0.5103021978021978,0.5087740547374286,0.4730943619362998,0.0010430405278468303,0.0010554998737182303
PATRICK MAROON,0.5733186328555678,0.5533249686323714,0.5193703307622993,0.49526396297023295,0.0006141292013304643,0.000563084469493782
PATRICK SHARP,0.6260043827611396,0.5612998522895125,0.5408267083816021,0.46129742951797276,0.0009258619451954241,0.0009815926992858576
PATRICK SIELOFF,0.36363636363636365,0.36363636363636365,0.5193703307622993,0.4806296692377006,0.0,2.8892173459306882e-05
PATRICK WIERCIOCH,0.522093023255814,0.4487632508833922,0.5193703307622993,0.4806296692377006,0.0007762122972759677,0.000620297796840707
PATRIK BERGLUND,0.506,0.4923547400611621,0.5193703307622993,0.4806296692377006,0.0005499374567145356,0.0004798382108336023
PATRIK ELIAS,0.6,0.4477611940298507,0.5416528790782755,0.4806296692377006,0.00030075927621416693,0.00015110900566168615
PAUL BYRON,0.4648648648648649,0.4307479224376731,0.5179888058717421,0.4806296692377006,0.0006584430492268218,0.0006256403018517701
PAUL CAREY,0.5,0.4347826086956522,0.5193703307622993,0.48557392340952904,2.490179565994177e-05,1.1861291689109599e-05
PAUL POSTMA,0.5884244372990354,0.49327354260089684,0.5244222547832955,0.4806296692377006,0.00020802883230040706,0.00016169831889468713
PAUL THOMPSON,0.47058823529411764,0.45945945945945943,0.5284841606394987,0.4806296692377006,2.324478164344389e-05,2.322818497707635e-05
PAVEL ZACHA,0.6153846153846154,0.6153846153846154,0.5193703307622993,0.4806296692377006,2.0844190273281772e-05,0.0
PETER HOLLAND,0.6031042128603105,0.5840909090909091,0.5200557927260069,0.511241623454086,0.0006785636291548425,0.000681532529791275
PETTERI LINDBOHM,0.5268817204301075,0.5636363636363637,0.5193703307622993,0.4806296692377006,0.00018769553591608003,8.49904626104347e-05
PHIL VARONE,0.25925925925925924,0.2592592592592593,0.5193703307622993,0.4806296692377006,0.0,1.7672672109393503e-05
PHILIP SAMUELSSON,0.49572649572649574,0.49572649572649574,0.5193703307622993,0.4806296692377006,0.0,0.00010672000661117237
PHILLIP DANAULT,0.48500881834215165,0.48217317487266553,0.5208101712238133,0.4806296692377006,0.00046760017121875183,0.0004897292969287096
PHILLIP DI GIUSEPPE,0.4875239923224568,0.5017241379310344,0.5160559576366919,0.4806296692377006,0.0004363834369471241,0.0005500996425999724
QUINTON HOWDEN,0.458128078817734,0.46464646464646464,0.5134912595957295,0.4806296692377006,0.0003486233223961964,0.0004258333324058973
R.J. UMBERGER,0.4140127388535032,0.501240694789082,0.5139172041501289,0.48593311180247056,0.0002808481200514688,0.00035984514268393365
RADKO GUDAS,0.49386701097482244,0.4608819345661451,0.5212941192905705,0.482109238939378,0.0011867050386338363,0.0009810857322886633
RICH CLUNE,0.4727272727272727,0.5661764705882353,0.5193703307622993,0.4837362816589424,0.0001231735959043239,0.00011740395175403734
RICHARD PANIK,0.4879725085910653,0.5294117647058824,0.5193703307622993,0.48425047509449504,0.0002608924543842463,0.0002868883469265037
RICK NASH,0.5441176470588235,0.48592283628779975,0.5187849943890912,0.4827804976438482,0.0008143854083448219,0.0006637015043909635
RILEY NASH,0.56,0.48510638297872344,0.5224696092896672,0.4806296692377006,0.0005701113555543567,0.0004852299580715709
RINAT VALIEV,0.4785714285714286,0.59375,0.5193703307622993,0.4806296692377006,0.00012473874880693407,8.907754552977152e-05
ROB KLINKHAMMER,0.4462809917355372,0.38144329896907214,0.5193703307622993,0.4857206133610147,0.00014719901774271646,9.245979891730166e-05
ROBERT BORTUZZO,0.5108225108225108,0.536697247706422,0.5176781346451136,0.48585750519581083,0.0004736890244323938,0.0003934255152237634
RONALDS KENINS,0.44660194174757284,0.36170212765957444,0.5249798917541247,0.46651884864447785,7.574264890472797e-05,5.475215026251702e-05
ROSS JOHNSTON,0.35294117647058826,0.35294117647058826,0.5139990139851692,0.4806296692377006,2.3008167029841842e-05,0.0
RYAN CALLAHAN,0.537219730941704,0.47074010327022375,0.5186171175868406,0.4806296692377006,0.0007629846124433944,0.0007931487914696824
RYAN CARPENTER,0.4,0.4,0.5193703307622993,0.4806296692377006,1.0113743760617527e-05,0.0
RYAN DZINGEL,0.47388059701492535,0.42333333333333334,0.5193703307622993,0.4806296692377006,0.00021253470680088237,0.0002567172250306474
RYAN ELLIS,0.5631349782293179,0.5373665480427046,0.5284759838565489,0.4775991046336168,0.0009892319026724823,0.0008977363365394889
RYAN GARBUTT,0.5547550432276657,0.47218934911242605,0.5193703307622993,0.4806296692377006,0.0006017571687434637,0.0006435794720340965
RYAN HARTMAN,0.3953488372093023,0.56,0.5193703307622993,0.4806296692377006,2.0054288276865068e-05,1.3958829359419146e-05
RYAN JOHANSEN,0.5660964230171073,0.5627466456195738,0.5370293211476315,0.4983153353938156,0.0010145766522754816,0.0008199628097390588
RYAN JOHNSTON,0.5333333333333333,0.4571428571428572,0.5193703307622993,0.4806296692377006,4.495711577920153e-05,2.5285930071118275e-05
RYAN KESLER,0.5217391304347826,0.4984496124031008,0.5206016407179623,0.4806296692377006,0.0010438488761937454,0.0009280014322012766
RYAN MURPHY,0.5640495867768595,0.544954128440367,0.526442974311319,0.48508643573173343,0.0004554976609898144,0.0003799828730794988
RYAN NUGENT-HOPKINS,0.5336322869955157,0.5124434389140271,0.5193703307622993,0.4881849445565548,0.0006899509844931356,0.0006333614537401649
RYAN O'REILLY,0.5398818316100443,0.5,0.514114126258841,0.48004887906672716,0.0007441143024553826,0.0009562651924914105
RYAN PULOCK,0.5328947368421053,0.5151515151515151,0.5193703307622993,0.4806296692377006,0.00015150977260640567,0.00022945460588565795
RYAN REAVES,0.48711340206185566,0.4641025641025641,0.5156094631004335,0.4806296692377006,0.0003527898373541941,0.00033795206635018975
RYAN SPOONER,0.5745721271393643,0.5635123614663257,0.5205981477007093,0.48346969550547564,0.0008805031049885378,0.0009119764997639457
RYAN STANTON,0.42105263157894735,0.42105263157894735,0.5193703307622993,0.47574625103639123,0.0,2.276865102797975e-05
RYAN STROME,0.5483288166214996,0.5086206896551724,0.5184814214892561,0.4806296692377006,0.000778999249015824,0.000803163766162147
RYAN WHITE,0.4636752136752137,0.46223958333333337,0.5142515850021314,0.4815301558726261,0.0006025454671436572,0.0005214626219813101
SAM BENNETT,0.5662285136501517,0.5102040816326531,0.5234894720368659,0.48391327868893597,0.0007560818700835339,0.0007903359405229586
SAM CARRICK,0.4444444444444444,0.2564102564102564,0.5143699470324452,0.4806296692377006,1.8218661142095075e-05,7.454449878105694e-05
SAMI VATANEN,0.5451241671714112,0.534257748776509,0.5200854839968637,0.48997891610598443,0.0011549817460889146,0.0008815984744881173
SCOTT GOMEZ,0.47619047619047616,0.4960212201591512,0.5190358393513748,0.4806296692377006,0.00027826270798780617,0.00031914773039762854
SCOTT HARTNELL,0.56,0.556896551724138,0.5267894227607287,0.5009910312218719,0.0009414568169447954,0.0008534400180499801
SCOTT KOSMACHUK,0.44086021505376344,0.3939393939393939,0.5089093947135526,0.4806296692377006,9.835149724997855e-05,7.402636071622096e-05
SCOTT LAUGHTON,0.4327217125382263,0.47375886524822697,0.5091471116632538,0.4806296692377006,0.000530938767062403,0.0005705671928187904
SCOTT MAYFIELD,0.375,0.5,0.49191488293240854,0.4806296692377006,0.00020114615039188807,5.213734483326303e-05
SCOTT WILSON,0.5727272727272728,0.5485436893203883,0.5190044648962172,0.4806296692377006,0.00022703247728718886,0.00016093601317014301
SCOTTIE UPSHALL,0.4595959595959596,0.4925373134328358,0.5153775681792666,0.4806296692377006,0.0006299659931968556,0.0005145448158599664
SEAN COLLINS,0.4230769230769231,0.4230769230769231,0.5193703307622993,0.4806296692377006,1.4871931923493031e-05,0.0
SEAN MONAHAN,0.5822192513368984,0.5020979020979022,0.5167459031931092,0.485691263168445,0.0008321594394547088,0.0008060073624696171
SERGEY TOLCHINSKY,0.5714285714285714,0.5909090909090908,0.514308736831555,0.4806296692377006,1.8898075343102533e-05,3.985082388036471e-05
SETH GRIFFITH,0.47368421052631576,0.4666666666666667,0.5193703307622993,0.4806296692377006,5.051551345816064e-05,1.2813644001225801e-05
SETH HELGESON,0.4316546762589928,0.40410958904109584,0.5091848907510225,0.46530525148950125,9.663648369378282e-05,0.0003373756818366931
SETH JONES,0.5393634840871022,0.5226526592252134,0.5277344390225113,0.48129620706813,0.0010762238371947585,0.0009205746640933331
SHANE DOAN,0.5532425940752602,0.5329905741216795,0.5326436767064979,0.48960159138955645,0.0010525033406751953,0.0007870998242018344
SHANE PRINCE,0.5179340028694405,0.4803149606299213,0.5193703307622993,0.4806296692377006,0.0005827960451049034,0.0005322556364666055
SHAWN HORCOFF,0.479539641943734,0.4368600682593856,0.5180315441172529,0.4806296692377006,0.0006097923800154433,0.00045993817784447354
SHAWN THORNTON,0.48881789137380194,0.473015873015873,0.5193703307622993,0.4806296692377006,0.00027340081312887346,0.0002276734055539844
SHAYNE GOSTISBEHERE,0.6046332046332046,0.5841346153846154,0.5499779188240133,0.4822035343293514,0.0009428727140643109,0.0008377880422895488
SHEA THEODORE,0.5260416666666666,0.5527272727272727,0.5193703307622993,0.4806296692377006,0.0003264971850311943,0.00021109060835150753
SIDNEY CROSBY,0.627190332326284,0.5779467680608366,0.5538641421155404,0.5085435640329727,0.0010236075402161226,0.000872962595550062
SLATER KOEKKOEK,0.6396396396396397,0.4492753623188406,0.5092500038463809,0.4806296692377006,0.00011330585361751763,9.090512799971936e-05
SONNY MILANO,0.5416666666666666,0.5581395348837209,0.5193703307622993,0.4759757115087325,2.6774787344290078e-05,5.020148559439658e-05
STANISLAV GALIEV,0.5546218487394958,0.5310344827586206,0.534563587175104,0.49350479458529684,0.00017019847871599397,0.00014563351229992204
STEFAN ELLIOTT,0.5274261603375527,0.4840764331210191,0.524201016886624,0.4806296692377006,0.00025685718189949675,0.00022996211263582396
STEFAN NOESEN,0.36363636363636365,0.36363636363636365,0.5193703307622993,0.4806296692377006,0.0,1.0256179961722419e-05
STEPHEN GIONTA,0.4320388349514563,0.3460207612456747,0.5241175568765872,0.45648339437396324,0.00043950136456739235,0.0006215199782845953
STEPHEN JOHNS,0.5218855218855218,0.42307692307692313,0.5193703307622993,0.46599132617194783,0.0002533244750223087,0.00018931180818898883
STEVE BERNIER,0.5141509433962265,0.4099616858237548,0.5202467059736791,0.47977744861569294,0.00017581066450383088,0.00021918561744800678
STEVEN SANTINI,0.2777777777777778,0.2777777777777778,0.5140798237093065,0.4806296692377006,1.7355404708469806e-05,0.0
STUART PERCY,0.4791666666666667,0.3125,0.5193703307622993,0.4806296692377006,8.344481899833284e-05,2.1240049915205094e-05
SVEN BAERTSCHI,0.5255474452554745,0.483451536643026,0.5193703307622993,0.4806296692377006,0.000552262328800988,0.0006697857721508185
TANNER KERO,0.3803680981595092,0.43137254901960786,0.4981148161300327,0.4806296692377006,0.00017234827469252525,0.0002557084690005993
TANNER PEARSON,0.5514285714285714,0.5523715415019763,0.5139201346838679,0.480032977478557,0.0008856489323421587,0.000750533829157316
TAYLOR BECK,0.47058823529411764,0.2222222222222222,0.5193703307622993,0.4806296692377006,1.5493167925735734e-05,1.3484446111198683e-06
TAYLOR FEDUN,0.32,0.31999999999999995,0.5193703307622993,0.47584268698918,0.0,3.1730648129784125e-05
TAYLOR LEIER,0.3333333333333333,0.38888888888888884,0.5193703307622993,0.4757206133610147,4.203236203835815e-05,6.137980750898035e-05
TEEMU PULKKINEN,0.6495098039215687,0.6018808777429467,0.5291583216621459,0.485689378261332,0.0004043485634463282,0.0002746053370282644
THOMAS HICKEY,0.45584988962472406,0.4283088235294118,0.5193703307622993,0.47597953004576626,0.000741098785239433,0.0009209975674835363
THOMAS VANEK,0.5466666666666666,0.5376838235294117,0.5231343092966783,0.4750096963307113,0.000775973132550178,0.0008587364779881598
TIM JACKMAN,0.3333333333333333,0.6666666666666667,0.5139287769349731,0.4806296692377006,3.036706433811758e-05,8.65260608347004e-06
TIM SCHALLER,0.38095238095238093,0.40601503759398494,0.5193703307622993,0.4806296692377006,0.0001090314073476469,0.000145515067758324
TJ BRENNAN,0.5588235294117647,0.4482758620689655,0.5193703307622993,0.4806296692377006,0.0001435145466511693,0.00010615954953239275
TJ BRODIE,0.5256410256410257,0.4455275229357798,0.5203767600455071,0.4806296692377006,0.00099248911920907,0.0010822580042739933
TOBIAS LINDBERG,0.63,0.4883720930232558,0.5387027603977544,0.4806296692377006,0.00010205782552587632,0.00010080367017415372
TOBIAS RIEDER,0.5121951219512195,0.4992163009404389,0.5193703307622993,0.481859589173982,0.001040389772532487,0.0008320695001791298
TOBY ENSTROM,0.5171886936592819,0.4903691813804173,0.5197560728380517,0.47870318576498067,0.0009172489478522784,0.0010218955978629214
TOM GILBERT,0.46820027063599456,0.4359375,0.518069009139015,0.47859969895099924,0.00067772469938258,0.0006543007181082658
TOM KUHNHACKL,0.4675324675324675,0.42971887550200805,0.5193703307622993,0.4806296692377006,0.000315163002605764,0.00032699175970448774
TOM SESTITO,0.3125,0.3125,0.5193703307622993,0.4806296692377006,0.0,2.461844260241641e-05
TOM WILSON,0.42771684945164506,0.4059080962800875,0.5085923587218647,0.4761876553634384,0.0007910567772244424,0.0005691306428341308
TOMAS FLEISCHMANN,0.49031600407747195,0.4692526017029328,0.5193703307622993,0.48349249702513325,0.000755862054683176,0.0008179193664808711
TOMAS JURCO,0.4788732394366197,0.5689149560117301,0.5193703307622993,0.508564427163613,0.0002652557027191709,0.0003795921576454505
TOMAS NOSEK,0.29411764705882354,0.5,0.5193703307622993,0.48587798195958265,2.070161182299585e-05,7.596932474403702e-05
TOMAS PLEKANEC,0.5622435020519836,0.5242510699001426,0.5264005094133298,0.4804748357124397,0.0009053491500113776,0.0008494723569197299
TOMMY WINGELS,0.5121387283236994,0.42705570291777184,0.5198730938456169,0.4806296692377006,0.0006827967664538605,0.0005328359875110434
TRAVIS HAMONIC,0.49900464499004643,0.44155092592592593,0.5193703307622993,0.4764319677080124,0.0010724381872315306,0.001164023474905405
TRAVIS MOEN,0.432,0.43113772455089816,0.5193703307622993,0.4760639189642912,9.650178029209974e-05,0.00014332901623688272
TREVOR CARRICK,0.46774193548387094,0.467741935483871,0.5193703307622993,0.4806296692377006,0.0,6.240960177340249e-05
TREVOR DALEY,0.5723221266614542,0.5584415584415585,0.5277435365890102,0.4968112217083263,0.0009178185875558168,0.0011269117789372719
TREVOR LEWIS,0.5230296827021494,0.5010917030567685,0.5193703307622993,0.4806296692377006,0.0007888112627634204,0.0007606137468579765
TREVOR VAN RIEMSDYK,0.4878209348255431,0.45485403937542435,0.518728358714514,0.4791934036967846,0.0012029949091506343,0.0011980458718405139
TUOMO RUUTU,0.5210084033613446,0.41955835962145105,0.5193703307622993,0.4806296692377006,0.00018206120937605395,0.00027086989266291383
TURNER ELSON,0.15789473684210525,0.1578947368421053,0.5193703307622993,0.47089691200951195,0.0,2.93406911003833e-05
TY RATTIE,0.5225225225225225,0.5,0.5245413266900263,0.4806296692377006,8.975330999814707e-05,8.638556558472621e-05
TYLER ENNIS,0.5331905781584583,0.5198675496688742,0.5193703307622993,0.4866849524417132,0.00032724807850827603,0.00022100202972327916
TYLER GAUDET,0.45161290322580644,0.46590909090909094,0.5193703307622993,0.4806296692377006,0.0002076168562968159,0.00015004629827818468
TYLER GRAOVAC,0.575,0.575,0.5193703307622993,0.4806296692377006,0.0,1.9677629248153835e-05
TYLER JOHNSON,0.5915238954012624,0.5374211000901713,0.5200726932623695,0.4889755462380468,0.0006431623178397365,0.000649031697962378
TYLER RANDELL,0.3116883116883117,0.4691358024691358,0.466734168321883,0.4806296692377006,0.0002025695095280625,0.0001422418302975475
TYSON STRACHAN,0.4444444444444444,0.6875,0.5193703307622993,0.4806296692377006,1.0262929965034341e-05,2.67303707122374e-05
VALERI NICHUSHKIN,0.5499092558983666,0.5377643504531722,0.5312157966577477,0.4806296692377006,0.0008165707644573822,0.0006752847664614306
VICTOR BARTLEY,0.46296296296296297,0.4537037037037037,0.5193703307622993,0.4806296692377006,0.00023312385913790146,8.609759701994402e-05
VIKTOR ARVIDSSON,0.5477178423236515,0.5387263339070568,0.5193703307622993,0.4806296692377006,0.000570299546588842,0.0004218565909308654
VIKTOR LOOV,0.5540540540540541,0.5540540540540541,0.5193703307622993,0.4806296692377006,0.00010813090343473384,0.0
VIKTOR STALBERG,0.46838709677419355,0.4116331096196868,0.5193703307622993,0.4806296692377006,0.0006268094404355547,0.0006208432501868862
VINCENT HINOSTROZA,0.4805194805194805,0.31818181818181823,0.5193703307622993,0.47568937826133195,5.318725395092497e-05,4.827283636045114e-05
VINCENT LECAVALIER,0.5195439739413681,0.5037878787878788,0.5193703307622993,0.47574091278160213,0.0005670956064634001,0.0004488762445438303
VOJTECH MOZIK,0.5211267605633803,0.46031746031746035,0.5193703307622993,0.4806296692377006,5.647591456436669e-05,5.441229851666098e-05
WILLIAM KARLSSON,0.45589692765113976,0.414161008729389,0.5193703307622993,0.473792342174749,0.0007576583713877403,0.0007680124522305639
XAVIER OUELLET,0.6190476190476191,0.4298245614035088,0.5193703307622993,0.4755302757657657,3.036419944834104e-05,0.00016235201197921652
YANNI GOURDE,0.2777777777777778,0.2777777777777778,0.5193703307622993,0.4806296692377006,0.0,1.8490314738663294e-05
ZAC RINALDO,0.39154929577464787,0.375,0.5094864515248584,0.4727756929695864,0.0002811171796416574,0.0002661353234411309
ZACH HYMAN,0.5304347826086957,0.5508474576271186,0.5193703307622993,0.4806296692377006,0.00021771813687685655,0.0001052517254258497
ZACH SILL,0.49107142857142855,0.4426229508196722,0.5193703307622993,0.4806296692377006,0.0001254353578734,6.221130642808473e-05
ZACH TROTMAN,0.4628099173553719,0.4579439252336449,0.5193703307622993,0.4806296692377006,0.0005377078092776536,0.0006538664443417153
ZACK KASSIAN,0.4713896457765668,0.4534883720930233,0.5193703307622993,0.4806296692377006,0.00031710250082390913,0.00037688216031218165
ZDENO CHARA,0.48498845265588914,0.44461778471138846,0.5193703307622993,0.4793010357009425,0.001093168585168149,0.001087742624009192
ZEMGUS GIRGENSONS,0.5073779795686719,0.4519131334022751,0.5193703307622993,0.48137454829509735,0.0006471427748774567,0.0007122552630574325
